id,case_id,timestamp,stage,actor,action,result,details
aud_REC-0001_0,REC-0001,2026-08-24T23:13:46.851974,DETECT,RAZORPAY_GATEWAY,DETECT_PROCESSED,SUCCESS,Processed DETECT for case REC-0001 (CHECKOUT_ABANDONMENT) under guardrail policy.
aud_REC-0001_1,REC-0001,2026-08-24T23:13:46.851974,DIAGNOSE,RECOVER_AI_ENGINE,DIAGNOSE_PROCESSED,SUCCESS,Processed DIAGNOSE for case REC-0001 (CHECKOUT_ABANDONMENT) under guardrail policy.
aud_REC-0001_2,REC-0001,2026-08-24T23:13:46.851974,DECIDE_PLAYBOOK,RECOVER_AI_ENGINE,DECIDE_PLAYBOOK_PROCESSED,SUCCESS,Processed DECIDE_PLAYBOOK for case REC-0001 (CHECKOUT_ABANDONMENT) under guardrail policy.
aud_REC-0001_3,REC-0001,2026-08-26T17:32:46.851974,CHECK_GUARDRAILS,RECOVER_AI_ENGINE,CHECK_GUARDRAILS_PROCESSED,SUCCESS,Processed CHECK_GUARDRAILS for case REC-0001 (CHECKOUT_ABANDONMENT) under guardrail policy.
aud_REC-0001_4,REC-0001,2026-08-26T17:32:46.851974,EXECUTE_ACTION,RECOVER_AI_ENGINE,EXECUTE_ACTION_PROCESSED,SUCCESS,Processed EXECUTE_ACTION for case REC-0001 (CHECKOUT_ABANDONMENT) under guardrail policy.
aud_REC-0001_5,REC-0001,2026-08-26T17:32:46.851974,VERIFY,RAZORPAY_GATEWAY,VERIFY_PROCESSED,SUCCESS,Processed VERIFY for case REC-0001 (CHECKOUT_ABANDONMENT) under guardrail policy.
aud_REC-0001_6,REC-0001,2026-08-26T17:32:46.851974,STOP_OR_ESCALATE,RECOVER_AI_ENGINE,STOP_OR_ESCALATE_PROCESSED,SUCCESS,Processed STOP_OR_ESCALATE for case REC-0001 (CHECKOUT_ABANDONMENT) under guardrail policy.
aud_REC-0002_0,REC-0002,2026-08-25T14:13:46.851974,DETECT,RAZORPAY_GATEWAY,DETECT_PROCESSED,SUCCESS,Processed DETECT for case REC-0002 (FAILED_SUBSCRIPTION) under guardrail policy.
aud_REC-0002_1,REC-0002,2026-08-25T14:13:46.851974,DIAGNOSE,RECOVER_AI_ENGINE,DIAGNOSE_PROCESSED,SUCCESS,Processed DIAGNOSE for case REC-0002 (FAILED_SUBSCRIPTION) under guardrail policy.
aud_REC-0002_2,REC-0002,2026-08-25T14:13:46.851974,DECIDE_PLAYBOOK,RECOVER_AI_ENGINE,DECIDE_PLAYBOOK_PROCESSED,SUCCESS,Processed DECIDE_PLAYBOOK for case REC-0002 (FAILED_SUBSCRIPTION) under guardrail policy.
aud_REC-0002_3,REC-0002,2026-08-26T18:04:46.851974,CHECK_GUARDRAILS,RECOVER_AI_ENGINE,CHECK_GUARDRAILS_PROCESSED,SUCCESS,Processed CHECK_GUARDRAILS for case REC-0002 (FAILED_SUBSCRIPTION) under guardrail policy.
aud_REC-0002_4,REC-0002,2026-08-26T18:04:46.851974,EXECUTE_ACTION,RECOVER_AI_ENGINE,EXECUTE_ACTION_PROCESSED,SUCCESS,Processed EXECUTE_ACTION for case REC-0002 (FAILED_SUBSCRIPTION) under guardrail policy.
aud_REC-0002_5,REC-0002,2026-08-26T18:04:46.851974,VERIFY,RAZORPAY_GATEWAY,VERIFY_PROCESSED,SUCCESS,Processed VERIFY for case REC-0002 (FAILED_SUBSCRIPTION) under guardrail policy.
aud_REC-0002_6,REC-0002,2026-08-26T18:04:46.851974,STOP_OR_ESCALATE,RECOVER_AI_ENGINE,STOP_OR_ESCALATE_PROCESSED,SUCCESS,Processed STOP_OR_ESCALATE for case REC-0002 (FAILED_SUBSCRIPTION) under guardrail policy.
aud_REC-0003_0,REC-0003,2026-08-25T15:13:46.851974,DETECT,RAZORPAY_GATEWAY,DETECT_PROCESSED,SUCCESS,Processed DETECT for case REC-0003 (B2B_OVERDUE_RECEIVABLES) under guardrail policy.
aud_REC-0003_1,REC-0003,2026-08-25T15:13:46.851974,DIAGNOSE,RECOVER_AI_ENGINE,DIAGNOSE_PROCESSED,SUCCESS,Processed DIAGNOSE for case REC-0003 (B2B_OVERDUE_RECEIVABLES) under guardrail policy.
aud_REC-0003_2,REC-0003,2026-08-25T15:13:46.851974,DECIDE_PLAYBOOK,RECOVER_AI_ENGINE,DECIDE_PLAYBOOK_PROCESSED,SUCCESS,Processed DECIDE_PLAYBOOK for case REC-0003 (B2B_OVERDUE_RECEIVABLES) under guardrail policy.
aud_REC-0003_3,REC-0003,2026-08-26T16:26:46.851974,CHECK_GUARDRAILS,RECOVER_AI_ENGINE,CHECK_GUARDRAILS_PROCESSED,SUCCESS,Processed CHECK_GUARDRAILS for case REC-0003 (B2B_OVERDUE_RECEIVABLES) under guardrail policy.
aud_REC-0003_4,REC-0003,2026-08-26T16:26:46.851974,EXECUTE_ACTION,RECOVER_AI_ENGINE,EXECUTE_ACTION_PROCESSED,SUCCESS,Processed EXECUTE_ACTION for case REC-0003 (B2B_OVERDUE_RECEIVABLES) under guardrail policy.
aud_REC-0003_5,REC-0003,2026-08-26T16:26:46.851974,VERIFY,RAZORPAY_GATEWAY,VERIFY_PROCESSED,FAILED,Processed VERIFY for case REC-0003 (B2B_OVERDUE_RECEIVABLES) under guardrail policy.
aud_REC-0003_6,REC-0003,2026-08-26T16:26:46.851974,STOP_OR_ESCALATE,RECOVER_AI_ENGINE,STOP_OR_ESCALATE_PROCESSED,FAILED,Processed STOP_OR_ESCALATE for case REC-0003 (B2B_OVERDUE_RECEIVABLES) under guardrail policy.
aud_REC-0004_0,REC-0004,2026-08-24T17:13:46.851974,DETECT,RAZORPAY_GATEWAY,DETECT_PROCESSED,SUCCESS,Processed DETECT for case REC-0004 (MANDATE_RETRY) under guardrail policy.
aud_REC-0004_1,REC-0004,2026-08-24T17:13:46.851974,DIAGNOSE,RECOVER_AI_ENGINE,DIAGNOSE_PROCESSED,SUCCESS,Processed DIAGNOSE for case REC-0004 (MANDATE_RETRY) under guardrail policy.
aud_REC-0004_2,REC-0004,2026-08-24T17:13:46.851974,DECIDE_PLAYBOOK,RECOVER_AI_ENGINE,DECIDE_PLAYBOOK_PROCESSED,SUCCESS,Processed DECIDE_PLAYBOOK for case REC-0004 (MANDATE_RETRY) under guardrail policy.
aud_REC-0004_3,REC-0004,2026-08-26T17:11:46.851974,CHECK_GUARDRAILS,RECOVER_AI_ENGINE,CHECK_GUARDRAILS_PROCESSED,SUCCESS,Processed CHECK_GUARDRAILS for case REC-0004 (MANDATE_RETRY) under guardrail policy.
aud_REC-0004_4,REC-0004,2026-08-26T17:11:46.851974,EXECUTE_ACTION,RECOVER_AI_ENGINE,EXECUTE_ACTION_PROCESSED,SUCCESS,Processed EXECUTE_ACTION for case REC-0004 (MANDATE_RETRY) under guardrail policy.
aud_REC-0004_5,REC-0004,2026-08-26T17:11:46.851974,VERIFY,RAZORPAY_GATEWAY,VERIFY_PROCESSED,FAILED,Processed VERIFY for case REC-0004 (MANDATE_RETRY) under guardrail policy.
aud_REC-0004_6,REC-0004,2026-08-26T17:11:46.851974,STOP_OR_ESCALATE,RECOVER_AI_ENGINE,STOP_OR_ESCALATE_PROCESSED,FAILED,Processed STOP_OR_ESCALATE for case REC-0004 (MANDATE_RETRY) under guardrail policy.
aud_REC-0005_0,REC-0005,2026-08-23T21:13:46.851974,DETECT,RAZORPAY_GATEWAY,DETECT_PROCESSED,SUCCESS,Processed DETECT for case REC-0005 (HINGLISH_RECOVERY) under guardrail policy.
aud_REC-0005_1,REC-0005,2026-08-23T21:13:46.851974,DIAGNOSE,RECOVER_AI_ENGINE,DIAGNOSE_PROCESSED,SUCCESS,Processed DIAGNOSE for case REC-0005 (HINGLISH_RECOVERY) under guardrail policy.
aud_REC-0005_2,REC-0005,2026-08-23T21:13:46.851974,DECIDE_PLAYBOOK,RECOVER_AI_ENGINE,DECIDE_PLAYBOOK_PROCESSED,SUCCESS,Processed DECIDE_PLAYBOOK for case REC-0005 (HINGLISH_RECOVERY) under guardrail policy.
aud_REC-0005_3,REC-0005,2026-08-26T16:37:46.851974,CHECK_GUARDRAILS,RECOVER_AI_ENGINE,CHECK_GUARDRAILS_PROCESSED,SUCCESS,Processed CHECK_GUARDRAILS for case REC-0005 (HINGLISH_RECOVERY) under guardrail policy.
aud_REC-0005_4,REC-0005,2026-08-26T16:37:46.851974,EXECUTE_ACTION,RECOVER_AI_ENGINE,EXECUTE_ACTION_PROCESSED,SUCCESS,Processed EXECUTE_ACTION for case REC-0005 (HINGLISH_RECOVERY) under guardrail policy.
aud_REC-0005_5,REC-0005,2026-08-26T16:37:46.851974,VERIFY,RAZORPAY_GATEWAY,VERIFY_PROCESSED,ESCALATED,Processed VERIFY for case REC-0005 (HINGLISH_RECOVERY) under guardrail policy.
aud_REC-0005_6,REC-0005,2026-08-26T16:37:46.851974,STOP_OR_ESCALATE,RECOVER_AI_ENGINE,STOP_OR_ESCALATE_PROCESSED,ESCALATED,Processed STOP_OR_ESCALATE for case REC-0005 (HINGLISH_RECOVERY) under guardrail policy.
aud_REC-0006_0,REC-0006,2026-08-24T16:13:46.851974,DETECT,RAZORPAY_GATEWAY,DETECT_PROCESSED,SUCCESS,Processed DETECT for case REC-0006 (PROMISE_TO_PAY) under guardrail policy.
aud_REC-0006_1,REC-0006,2026-08-24T16:13:46.851974,DIAGNOSE,RECOVER_AI_ENGINE,DIAGNOSE_PROCESSED,SUCCESS,Processed DIAGNOSE for case REC-0006 (PROMISE_TO_PAY) under guardrail policy.
aud_REC-0006_2,REC-0006,2026-08-24T16:13:46.851974,DECIDE_PLAYBOOK,RECOVER_AI_ENGINE,DECIDE_PLAYBOOK_PROCESSED,SUCCESS,Processed DECIDE_PLAYBOOK for case REC-0006 (PROMISE_TO_PAY) under guardrail policy.
aud_REC-0006_3,REC-0006,2026-08-26T17:29:46.851974,CHECK_GUARDRAILS,RECOVER_AI_ENGINE,CHECK_GUARDRAILS_PROCESSED,SUCCESS,Processed CHECK_GUARDRAILS for case REC-0006 (PROMISE_TO_PAY) under guardrail policy.
aud_REC-0006_4,REC-0006,2026-08-26T17:29:46.851974,EXECUTE_ACTION,RECOVER_AI_ENGINE,EXECUTE_ACTION_PROCESSED,SUCCESS,Processed EXECUTE_ACTION for case REC-0006 (PROMISE_TO_PAY) under guardrail policy.
aud_REC-0006_5,REC-0006,2026-08-26T17:29:46.851974,VERIFY,RAZORPAY_GATEWAY,VERIFY_PROCESSED,SUCCESS,Processed VERIFY for case REC-0006 (PROMISE_TO_PAY) under guardrail policy.
aud_REC-0006_6,REC-0006,2026-08-26T17:29:46.851974,STOP_OR_ESCALATE,RECOVER_AI_ENGINE,STOP_OR_ESCALATE_PROCESSED,SUCCESS,Processed STOP_OR_ESCALATE for case REC-0006 (PROMISE_TO_PAY) under guardrail policy.
aud_REC-0007_0,REC-0007,2026-08-23T21:13:46.851974,DETECT,RAZORPAY_GATEWAY,DETECT_PROCESSED,SUCCESS,Processed DETECT for case REC-0007 (PAYMENT_DEGRADATION) under guardrail policy.
aud_REC-0007_1,REC-0007,2026-08-23T21:13:46.851974,DIAGNOSE,RECOVER_AI_ENGINE,DIAGNOSE_PROCESSED,SUCCESS,Processed DIAGNOSE for case REC-0007 (PAYMENT_DEGRADATION) under guardrail policy.
aud_REC-0007_2,REC-0007,2026-08-23T21:13:46.851974,DECIDE_PLAYBOOK,RECOVER_AI_ENGINE,DECIDE_PLAYBOOK_PROCESSED,SUCCESS,Processed DECIDE_PLAYBOOK for case REC-0007 (PAYMENT_DEGRADATION) under guardrail policy.
aud_REC-0007_3,REC-0007,2026-08-26T18:09:46.851974,CHECK_GUARDRAILS,RECOVER_AI_ENGINE,CHECK_GUARDRAILS_PROCESSED,SUCCESS,Processed CHECK_GUARDRAILS for case REC-0007 (PAYMENT_DEGRADATION) under guardrail policy.
aud_REC-0007_4,REC-0007,2026-08-26T18:09:46.851974,EXECUTE_ACTION,RECOVER_AI_ENGINE,EXECUTE_ACTION_PROCESSED,SUCCESS,Processed EXECUTE_ACTION for case REC-0007 (PAYMENT_DEGRADATION) under guardrail policy.
aud_REC-0007_5,REC-0007,2026-08-26T18:09:46.851974,VERIFY,RAZORPAY_GATEWAY,VERIFY_PROCESSED,FAILED,Processed VERIFY for case REC-0007 (PAYMENT_DEGRADATION) under guardrail policy.
aud_REC-0007_6,REC-0007,2026-08-26T18:09:46.851974,STOP_OR_ESCALATE,RECOVER_AI_ENGINE,STOP_OR_ESCALATE_PROCESSED,FAILED,Processed STOP_OR_ESCALATE for case REC-0007 (PAYMENT_DEGRADATION) under guardrail policy.
aud_REC-0008_0,REC-0008,2026-08-24T11:13:46.851974,DETECT,RAZORPAY_GATEWAY,DETECT_PROCESSED,SUCCESS,Processed DETECT for case REC-0008 (CHECKOUT_ABANDONMENT) under guardrail policy.
aud_REC-0008_1,REC-0008,2026-08-24T11:13:46.851974,DIAGNOSE,RECOVER_AI_ENGINE,DIAGNOSE_PROCESSED,SUCCESS,Processed DIAGNOSE for case REC-0008 (CHECKOUT_ABANDONMENT) under guardrail policy.
aud_REC-0008_2,REC-0008,2026-08-24T11:13:46.851974,DECIDE_PLAYBOOK,RECOVER_AI_ENGINE,DECIDE_PLAYBOOK_PROCESSED,SUCCESS,Processed DECIDE_PLAYBOOK for case REC-0008 (CHECKOUT_ABANDONMENT) under guardrail policy.
aud_REC-0008_3,REC-0008,2026-08-26T17:55:46.851974,CHECK_GUARDRAILS,RECOVER_AI_ENGINE,CHECK_GUARDRAILS_PROCESSED,SUCCESS,Processed CHECK_GUARDRAILS for case REC-0008 (CHECKOUT_ABANDONMENT) under guardrail policy.
aud_REC-0008_4,REC-0008,2026-08-26T17:55:46.851974,EXECUTE_ACTION,RECOVER_AI_ENGINE,EXECUTE_ACTION_PROCESSED,SUCCESS,Processed EXECUTE_ACTION for case REC-0008 (CHECKOUT_ABANDONMENT) under guardrail policy.
aud_REC-0008_5,REC-0008,2026-08-26T17:55:46.851974,VERIFY,RAZORPAY_GATEWAY,VERIFY_PROCESSED,FAILED,Processed VERIFY for case REC-0008 (CHECKOUT_ABANDONMENT) under guardrail policy.
aud_REC-0008_6,REC-0008,2026-08-26T17:55:46.851974,STOP_OR_ESCALATE,RECOVER_AI_ENGINE,STOP_OR_ESCALATE_PROCESSED,FAILED,Processed STOP_OR_ESCALATE for case REC-0008 (CHECKOUT_ABANDONMENT) under guardrail policy.
aud_REC-0009_0,REC-0009,2026-08-24T07:13:46.851974,DETECT,RAZORPAY_GATEWAY,DETECT_PROCESSED,SUCCESS,Processed DETECT for case REC-0009 (FAILED_SUBSCRIPTION) under guardrail policy.
aud_REC-0009_1,REC-0009,2026-08-24T07:13:46.851974,DIAGNOSE,RECOVER_AI_ENGINE,DIAGNOSE_PROCESSED,SUCCESS,Processed DIAGNOSE for case REC-0009 (FAILED_SUBSCRIPTION) under guardrail policy.
aud_REC-0009_2,REC-0009,2026-08-24T07:13:46.851974,DECIDE_PLAYBOOK,RECOVER_AI_ENGINE,DECIDE_PLAYBOOK_PROCESSED,SUCCESS,Processed DECIDE_PLAYBOOK for case REC-0009 (FAILED_SUBSCRIPTION) under guardrail policy.
aud_REC-0009_3,REC-0009,2026-08-26T17:31:46.851974,CHECK_GUARDRAILS,RECOVER_AI_ENGINE,CHECK_GUARDRAILS_PROCESSED,SUCCESS,Processed CHECK_GUARDRAILS for case REC-0009 (FAILED_SUBSCRIPTION) under guardrail policy.
aud_REC-0009_4,REC-0009,2026-08-26T17:31:46.851974,EXECUTE_ACTION,RECOVER_AI_ENGINE,EXECUTE_ACTION_PROCESSED,SUCCESS,Processed EXECUTE_ACTION for case REC-0009 (FAILED_SUBSCRIPTION) under guardrail policy.
aud_REC-0009_5,REC-0009,2026-08-26T17:31:46.851974,VERIFY,RAZORPAY_GATEWAY,VERIFY_PROCESSED,SUCCESS,Processed VERIFY for case REC-0009 (FAILED_SUBSCRIPTION) under guardrail policy.
aud_REC-0009_6,REC-0009,2026-08-26T17:31:46.851974,STOP_OR_ESCALATE,RECOVER_AI_ENGINE,STOP_OR_ESCALATE_PROCESSED,SUCCESS,Processed STOP_OR_ESCALATE for case REC-0009 (FAILED_SUBSCRIPTION) under guardrail policy.
aud_REC-0010_0,REC-0010,2026-08-25T09:13:46.851974,DETECT,RAZORPAY_GATEWAY,DETECT_PROCESSED,SUCCESS,Processed DETECT for case REC-0010 (B2B_OVERDUE_RECEIVABLES) under guardrail policy.
aud_REC-0010_1,REC-0010,2026-08-25T09:13:46.851974,DIAGNOSE,RECOVER_AI_ENGINE,DIAGNOSE_PROCESSED,SUCCESS,Processed DIAGNOSE for case REC-0010 (B2B_OVERDUE_RECEIVABLES) under guardrail policy.
aud_REC-0010_2,REC-0010,2026-08-25T09:13:46.851974,DECIDE_PLAYBOOK,RECOVER_AI_ENGINE,DECIDE_PLAYBOOK_PROCESSED,SUCCESS,Processed DECIDE_PLAYBOOK for case REC-0010 (B2B_OVERDUE_RECEIVABLES) under guardrail policy.
aud_REC-0010_3,REC-0010,2026-08-26T16:26:46.851974,CHECK_GUARDRAILS,RECOVER_AI_ENGINE,CHECK_GUARDRAILS_PROCESSED,SUCCESS,Processed CHECK_GUARDRAILS for case REC-0010 (B2B_OVERDUE_RECEIVABLES) under guardrail policy.
aud_REC-0010_4,REC-0010,2026-08-26T16:26:46.851974,EXECUTE_ACTION,RECOVER_AI_ENGINE,EXECUTE_ACTION_PROCESSED,SUCCESS,Processed EXECUTE_ACTION for case REC-0010 (B2B_OVERDUE_RECEIVABLES) under guardrail policy.
aud_REC-0010_5,REC-0010,2026-08-26T16:26:46.851974,VERIFY,RAZORPAY_GATEWAY,VERIFY_PROCESSED,ESCALATED,Processed VERIFY for case REC-0010 (B2B_OVERDUE_RECEIVABLES) under guardrail policy.
aud_REC-0010_6,REC-0010,2026-08-26T16:26:46.851974,STOP_OR_ESCALATE,RECOVER_AI_ENGINE,STOP_OR_ESCALATE_PROCESSED,ESCALATED,Processed STOP_OR_ESCALATE for case REC-0010 (B2B_OVERDUE_RECEIVABLES) under guardrail policy.
aud_REC-0011_0,REC-0011,2026-08-24T21:13:46.851974,DETECT,RAZORPAY_GATEWAY,DETECT_PROCESSED,SUCCESS,Processed DETECT for case REC-0011 (MANDATE_RETRY) under guardrail policy.
aud_REC-0011_1,REC-0011,2026-08-24T21:13:46.851974,DIAGNOSE,RECOVER_AI_ENGINE,DIAGNOSE_PROCESSED,SUCCESS,Processed DIAGNOSE for case REC-0011 (MANDATE_RETRY) under guardrail policy.
aud_REC-0011_2,REC-0011,2026-08-24T21:13:46.851974,DECIDE_PLAYBOOK,RECOVER_AI_ENGINE,DECIDE_PLAYBOOK_PROCESSED,SUCCESS,Processed DECIDE_PLAYBOOK for case REC-0011 (MANDATE_RETRY) under guardrail policy.
aud_REC-0011_3,REC-0011,2026-08-26T17:44:46.851974,CHECK_GUARDRAILS,RECOVER_AI_ENGINE,CHECK_GUARDRAILS_PROCESSED,SUCCESS,Processed CHECK_GUARDRAILS for case REC-0011 (MANDATE_RETRY) under guardrail policy.
aud_REC-0011_4,REC-0011,2026-08-26T17:44:46.851974,EXECUTE_ACTION,RECOVER_AI_ENGINE,EXECUTE_ACTION_PROCESSED,SUCCESS,Processed EXECUTE_ACTION for case REC-0011 (MANDATE_RETRY) under guardrail policy.
aud_REC-0011_5,REC-0011,2026-08-26T17:44:46.851974,VERIFY,RAZORPAY_GATEWAY,VERIFY_PROCESSED,ESCALATED,Processed VERIFY for case REC-0011 (MANDATE_RETRY) under guardrail policy.
aud_REC-0011_6,REC-0011,2026-08-26T17:44:46.851974,STOP_OR_ESCALATE,RECOVER_AI_ENGINE,STOP_OR_ESCALATE_PROCESSED,ESCALATED,Processed STOP_OR_ESCALATE for case REC-0011 (MANDATE_RETRY) under guardrail policy.
aud_REC-0012_0,REC-0012,2026-08-26T15:13:46.851974,DETECT,RAZORPAY_GATEWAY,DETECT_PROCESSED,SUCCESS,Processed DETECT for case REC-0012 (HINGLISH_RECOVERY) under guardrail policy.
aud_REC-0012_1,REC-0012,2026-08-26T15:13:46.851974,DIAGNOSE,RECOVER_AI_ENGINE,DIAGNOSE_PROCESSED,SUCCESS,Processed DIAGNOSE for case REC-0012 (HINGLISH_RECOVERY) under guardrail policy.
aud_REC-0012_2,REC-0012,2026-08-26T15:13:46.851974,DECIDE_PLAYBOOK,RECOVER_AI_ENGINE,DECIDE_PLAYBOOK_PROCESSED,SUCCESS,Processed DECIDE_PLAYBOOK for case REC-0012 (HINGLISH_RECOVERY) under guardrail policy.
aud_REC-0012_3,REC-0012,2026-08-26T16:53:46.851974,CHECK_GUARDRAILS,RECOVER_AI_ENGINE,CHECK_GUARDRAILS_PROCESSED,SUCCESS,Processed CHECK_GUARDRAILS for case REC-0012 (HINGLISH_RECOVERY) under guardrail policy.
aud_REC-0012_4,REC-0012,2026-08-26T16:53:46.851974,EXECUTE_ACTION,RECOVER_AI_ENGINE,EXECUTE_ACTION_PROCESSED,SUCCESS,Processed EXECUTE_ACTION for case REC-0012 (HINGLISH_RECOVERY) under guardrail policy.
aud_REC-0012_5,REC-0012,2026-08-26T16:53:46.851974,VERIFY,RAZORPAY_GATEWAY,VERIFY_PROCESSED,SUCCESS,Processed VERIFY for case REC-0012 (HINGLISH_RECOVERY) under guardrail policy.
aud_REC-0012_6,REC-0012,2026-08-26T16:53:46.851974,STOP_OR_ESCALATE,RECOVER_AI_ENGINE,STOP_OR_ESCALATE_PROCESSED,SUCCESS,Processed STOP_OR_ESCALATE for case REC-0012 (HINGLISH_RECOVERY) under guardrail policy.
aud_REC-0013_0,REC-0013,2026-08-24T06:13:46.851974,DETECT,RAZORPAY_GATEWAY,DETECT_PROCESSED,SUCCESS,Processed DETECT for case REC-0013 (PROMISE_TO_PAY) under guardrail policy.
aud_REC-0013_1,REC-0013,2026-08-24T06:13:46.851974,DIAGNOSE,RECOVER_AI_ENGINE,DIAGNOSE_PROCESSED,SUCCESS,Processed DIAGNOSE for case REC-0013 (PROMISE_TO_PAY) under guardrail policy.
aud_REC-0013_2,REC-0013,2026-08-24T06:13:46.851974,DECIDE_PLAYBOOK,RECOVER_AI_ENGINE,DECIDE_PLAYBOOK_PROCESSED,SUCCESS,Processed DECIDE_PLAYBOOK for case REC-0013 (PROMISE_TO_PAY) under guardrail policy.
aud_REC-0013_3,REC-0013,2026-08-26T16:43:46.851974,CHECK_GUARDRAILS,RECOVER_AI_ENGINE,CHECK_GUARDRAILS_PROCESSED,SUCCESS,Processed CHECK_GUARDRAILS for case REC-0013 (PROMISE_TO_PAY) under guardrail policy.
aud_REC-0013_4,REC-0013,2026-08-26T16:43:46.851974,EXECUTE_ACTION,RECOVER_AI_ENGINE,EXECUTE_ACTION_PROCESSED,SUCCESS,Processed EXECUTE_ACTION for case REC-0013 (PROMISE_TO_PAY) under guardrail policy.
aud_REC-0013_5,REC-0013,2026-08-26T16:43:46.851974,VERIFY,RAZORPAY_GATEWAY,VERIFY_PROCESSED,FAILED,Processed VERIFY for case REC-0013 (PROMISE_TO_PAY) under guardrail policy.
aud_REC-0013_6,REC-0013,2026-08-26T16:43:46.851974,STOP_OR_ESCALATE,RECOVER_AI_ENGINE,STOP_OR_ESCALATE_PROCESSED,FAILED,Processed STOP_OR_ESCALATE for case REC-0013 (PROMISE_TO_PAY) under guardrail policy.
aud_REC-0014_0,REC-0014,2026-08-25T02:13:46.851974,DETECT,RAZORPAY_GATEWAY,DETECT_PROCESSED,SUCCESS,Processed DETECT for case REC-0014 (PAYMENT_DEGRADATION) under guardrail policy.
aud_REC-0014_1,REC-0014,2026-08-25T02:13:46.851974,DIAGNOSE,RECOVER_AI_ENGINE,DIAGNOSE_PROCESSED,SUCCESS,Processed DIAGNOSE for case REC-0014 (PAYMENT_DEGRADATION) under guardrail policy.
aud_REC-0014_2,REC-0014,2026-08-25T02:13:46.851974,DECIDE_PLAYBOOK,RECOVER_AI_ENGINE,DECIDE_PLAYBOOK_PROCESSED,SUCCESS,Processed DECIDE_PLAYBOOK for case REC-0014 (PAYMENT_DEGRADATION) under guardrail policy.
aud_REC-0014_3,REC-0014,2026-08-26T17:59:46.851974,CHECK_GUARDRAILS,RECOVER_AI_ENGINE,CHECK_GUARDRAILS_PROCESSED,SUCCESS,Processed CHECK_GUARDRAILS for case REC-0014 (PAYMENT_DEGRADATION) under guardrail policy.
aud_REC-0014_4,REC-0014,2026-08-26T17:59:46.851974,EXECUTE_ACTION,RECOVER_AI_ENGINE,EXECUTE_ACTION_PROCESSED,SUCCESS,Processed EXECUTE_ACTION for case REC-0014 (PAYMENT_DEGRADATION) under guardrail policy.
aud_REC-0014_5,REC-0014,2026-08-26T17:59:46.851974,VERIFY,RAZORPAY_GATEWAY,VERIFY_PROCESSED,FAILED,Processed VERIFY for case REC-0014 (PAYMENT_DEGRADATION) under guardrail policy.
aud_REC-0014_6,REC-0014,2026-08-26T17:59:46.851974,STOP_OR_ESCALATE,RECOVER_AI_ENGINE,STOP_OR_ESCALATE_PROCESSED,FAILED,Processed STOP_OR_ESCALATE for case REC-0014 (PAYMENT_DEGRADATION) under guardrail policy.
aud_REC-0015_0,REC-0015,2026-08-25T16:13:46.851974,DETECT,RAZORPAY_GATEWAY,DETECT_PROCESSED,SUCCESS,Processed DETECT for case REC-0015 (CHECKOUT_ABANDONMENT) under guardrail policy.
aud_REC-0015_1,REC-0015,2026-08-25T16:13:46.851974,DIAGNOSE,RECOVER_AI_ENGINE,DIAGNOSE_PROCESSED,SUCCESS,Processed DIAGNOSE for case REC-0015 (CHECKOUT_ABANDONMENT) under guardrail policy.
aud_REC-0015_2,REC-0015,2026-08-25T16:13:46.851974,DECIDE_PLAYBOOK,RECOVER_AI_ENGINE,DECIDE_PLAYBOOK_PROCESSED,SUCCESS,Processed DECIDE_PLAYBOOK for case REC-0015 (CHECKOUT_ABANDONMENT) under guardrail policy.
aud_REC-0015_3,REC-0015,2026-08-26T18:03:46.851974,CHECK_GUARDRAILS,RECOVER_AI_ENGINE,CHECK_GUARDRAILS_PROCESSED,SUCCESS,Processed CHECK_GUARDRAILS for case REC-0015 (CHECKOUT_ABANDONMENT) under guardrail policy.
aud_REC-0015_4,REC-0015,2026-08-26T18:03:46.851974,EXECUTE_ACTION,RECOVER_AI_ENGINE,EXECUTE_ACTION_PROCESSED,SUCCESS,Processed EXECUTE_ACTION for case REC-0015 (CHECKOUT_ABANDONMENT) under guardrail policy.
aud_REC-0015_5,REC-0015,2026-08-26T18:03:46.851974,VERIFY,RAZORPAY_GATEWAY,VERIFY_PROCESSED,FAILED,Processed VERIFY for case REC-0015 (CHECKOUT_ABANDONMENT) under guardrail policy.
aud_REC-0015_6,REC-0015,2026-08-26T18:03:46.851974,STOP_OR_ESCALATE,RECOVER_AI_ENGINE,STOP_OR_ESCALATE_PROCESSED,FAILED,Processed STOP_OR_ESCALATE for case REC-0015 (CHECKOUT_ABANDONMENT) under guardrail policy.
aud_REC-0016_0,REC-0016,2026-08-26T12:13:46.851974,DETECT,RAZORPAY_GATEWAY,DETECT_PROCESSED,SUCCESS,Processed DETECT for case REC-0016 (FAILED_SUBSCRIPTION) under guardrail policy.
aud_REC-0016_1,REC-0016,2026-08-26T12:13:46.851974,DIAGNOSE,RECOVER_AI_ENGINE,DIAGNOSE_PROCESSED,SUCCESS,Processed DIAGNOSE for case REC-0016 (FAILED_SUBSCRIPTION) under guardrail policy.
aud_REC-0016_2,REC-0016,2026-08-26T12:13:46.851974,DECIDE_PLAYBOOK,RECOVER_AI_ENGINE,DECIDE_PLAYBOOK_PROCESSED,SUCCESS,Processed DECIDE_PLAYBOOK for case REC-0016 (FAILED_SUBSCRIPTION) under guardrail policy.
aud_REC-0016_3,REC-0016,2026-08-26T17:28:46.851974,CHECK_GUARDRAILS,RECOVER_AI_ENGINE,CHECK_GUARDRAILS_PROCESSED,SUCCESS,Processed CHECK_GUARDRAILS for case REC-0016 (FAILED_SUBSCRIPTION) under guardrail policy.
aud_REC-0016_4,REC-0016,2026-08-26T17:28:46.851974,EXECUTE_ACTION,RECOVER_AI_ENGINE,EXECUTE_ACTION_PROCESSED,SUCCESS,Processed EXECUTE_ACTION for case REC-0016 (FAILED_SUBSCRIPTION) under guardrail policy.
aud_REC-0016_5,REC-0016,2026-08-26T17:28:46.851974,VERIFY,RAZORPAY_GATEWAY,VERIFY_PROCESSED,FAILED,Processed VERIFY for case REC-0016 (FAILED_SUBSCRIPTION) under guardrail policy.
aud_REC-0016_6,REC-0016,2026-08-26T17:28:46.851974,STOP_OR_ESCALATE,RECOVER_AI_ENGINE,STOP_OR_ESCALATE_PROCESSED,FAILED,Processed STOP_OR_ESCALATE for case REC-0016 (FAILED_SUBSCRIPTION) under guardrail policy.
aud_REC-0017_0,REC-0017,2026-08-26T16:13:46.851974,DETECT,RAZORPAY_GATEWAY,DETECT_PROCESSED,SUCCESS,Processed DETECT for case REC-0017 (B2B_OVERDUE_RECEIVABLES) under guardrail policy.
aud_REC-0017_1,REC-0017,2026-08-26T16:13:46.851974,DIAGNOSE,RECOVER_AI_ENGINE,DIAGNOSE_PROCESSED,SUCCESS,Processed DIAGNOSE for case REC-0017 (B2B_OVERDUE_RECEIVABLES) under guardrail policy.
aud_REC-0017_2,REC-0017,2026-08-26T16:13:46.851974,DECIDE_PLAYBOOK,RECOVER_AI_ENGINE,DECIDE_PLAYBOOK_PROCESSED,SUCCESS,Processed DECIDE_PLAYBOOK for case REC-0017 (B2B_OVERDUE_RECEIVABLES) under guardrail policy.
aud_REC-0017_3,REC-0017,2026-08-26T16:24:46.851974,CHECK_GUARDRAILS,RECOVER_AI_ENGINE,CHECK_GUARDRAILS_PROCESSED,SUCCESS,Processed CHECK_GUARDRAILS for case REC-0017 (B2B_OVERDUE_RECEIVABLES) under guardrail policy.
aud_REC-0017_4,REC-0017,2026-08-26T16:24:46.851974,EXECUTE_ACTION,RECOVER_AI_ENGINE,EXECUTE_ACTION_PROCESSED,SUCCESS,Processed EXECUTE_ACTION for case REC-0017 (B2B_OVERDUE_RECEIVABLES) under guardrail policy.
aud_REC-0017_5,REC-0017,2026-08-26T16:24:46.851974,VERIFY,RAZORPAY_GATEWAY,VERIFY_PROCESSED,SUCCESS,Processed VERIFY for case REC-0017 (B2B_OVERDUE_RECEIVABLES) under guardrail policy.
aud_REC-0017_6,REC-0017,2026-08-26T16:24:46.851974,STOP_OR_ESCALATE,RECOVER_AI_ENGINE,STOP_OR_ESCALATE_PROCESSED,SUCCESS,Processed STOP_OR_ESCALATE for case REC-0017 (B2B_OVERDUE_RECEIVABLES) under guardrail policy.
aud_REC-0018_0,REC-0018,2026-08-25T22:13:46.851974,DETECT,RAZORPAY_GATEWAY,DETECT_PROCESSED,SUCCESS,Processed DETECT for case REC-0018 (MANDATE_RETRY) under guardrail policy.
aud_REC-0018_1,REC-0018,2026-08-25T22:13:46.851974,DIAGNOSE,RECOVER_AI_ENGINE,DIAGNOSE_PROCESSED,SUCCESS,Processed DIAGNOSE for case REC-0018 (MANDATE_RETRY) under guardrail policy.
aud_REC-0018_2,REC-0018,2026-08-25T22:13:46.851974,DECIDE_PLAYBOOK,RECOVER_AI_ENGINE,DECIDE_PLAYBOOK_PROCESSED,SUCCESS,Processed DECIDE_PLAYBOOK for case REC-0018 (MANDATE_RETRY) under guardrail policy.
aud_REC-0018_3,REC-0018,2026-08-26T17:17:46.851974,CHECK_GUARDRAILS,RECOVER_AI_ENGINE,CHECK_GUARDRAILS_PROCESSED,SUCCESS,Processed CHECK_GUARDRAILS for case REC-0018 (MANDATE_RETRY) under guardrail policy.
aud_REC-0018_4,REC-0018,2026-08-26T17:17:46.851974,EXECUTE_ACTION,RECOVER_AI_ENGINE,EXECUTE_ACTION_PROCESSED,SUCCESS,Processed EXECUTE_ACTION for case REC-0018 (MANDATE_RETRY) under guardrail policy.
aud_REC-0018_5,REC-0018,2026-08-26T17:17:46.851974,VERIFY,RAZORPAY_GATEWAY,VERIFY_PROCESSED,SUCCESS,Processed VERIFY for case REC-0018 (MANDATE_RETRY) under guardrail policy.
aud_REC-0018_6,REC-0018,2026-08-26T17:17:46.851974,STOP_OR_ESCALATE,RECOVER_AI_ENGINE,STOP_OR_ESCALATE_PROCESSED,SUCCESS,Processed STOP_OR_ESCALATE for case REC-0018 (MANDATE_RETRY) under guardrail policy.
aud_REC-0019_0,REC-0019,2026-08-24T04:13:46.851974,DETECT,RAZORPAY_GATEWAY,DETECT_PROCESSED,SUCCESS,Processed DETECT for case REC-0019 (HINGLISH_RECOVERY) under guardrail policy.
aud_REC-0019_1,REC-0019,2026-08-24T04:13:46.851974,DIAGNOSE,RECOVER_AI_ENGINE,DIAGNOSE_PROCESSED,SUCCESS,Processed DIAGNOSE for case REC-0019 (HINGLISH_RECOVERY) under guardrail policy.
aud_REC-0019_2,REC-0019,2026-08-24T04:13:46.851974,DECIDE_PLAYBOOK,RECOVER_AI_ENGINE,DECIDE_PLAYBOOK_PROCESSED,SUCCESS,Processed DECIDE_PLAYBOOK for case REC-0019 (HINGLISH_RECOVERY) under guardrail policy.
aud_REC-0019_3,REC-0019,2026-08-26T17:13:46.851974,CHECK_GUARDRAILS,RECOVER_AI_ENGINE,CHECK_GUARDRAILS_PROCESSED,SUCCESS,Processed CHECK_GUARDRAILS for case REC-0019 (HINGLISH_RECOVERY) under guardrail policy.
aud_REC-0019_4,REC-0019,2026-08-26T17:13:46.851974,EXECUTE_ACTION,RECOVER_AI_ENGINE,EXECUTE_ACTION_PROCESSED,SUCCESS,Processed EXECUTE_ACTION for case REC-0019 (HINGLISH_RECOVERY) under guardrail policy.
aud_REC-0019_5,REC-0019,2026-08-26T17:13:46.851974,VERIFY,RAZORPAY_GATEWAY,VERIFY_PROCESSED,ESCALATED,Processed VERIFY for case REC-0019 (HINGLISH_RECOVERY) under guardrail policy.
aud_REC-0019_6,REC-0019,2026-08-26T17:13:46.851974,STOP_OR_ESCALATE,RECOVER_AI_ENGINE,STOP_OR_ESCALATE_PROCESSED,ESCALATED,Processed STOP_OR_ESCALATE for case REC-0019 (HINGLISH_RECOVERY) under guardrail policy.
aud_REC-0020_0,REC-0020,2026-08-25T06:13:46.851974,DETECT,RAZORPAY_GATEWAY,DETECT_PROCESSED,SUCCESS,Processed DETECT for case REC-0020 (PROMISE_TO_PAY) under guardrail policy.
aud_REC-0020_1,REC-0020,2026-08-25T06:13:46.851974,DIAGNOSE,RECOVER_AI_ENGINE,DIAGNOSE_PROCESSED,SUCCESS,Processed DIAGNOSE for case REC-0020 (PROMISE_TO_PAY) under guardrail policy.
aud_REC-0020_2,REC-0020,2026-08-25T06:13:46.851974,DECIDE_PLAYBOOK,RECOVER_AI_ENGINE,DECIDE_PLAYBOOK_PROCESSED,SUCCESS,Processed DECIDE_PLAYBOOK for case REC-0020 (PROMISE_TO_PAY) under guardrail policy.
aud_REC-0020_3,REC-0020,2026-08-26T16:20:46.851974,CHECK_GUARDRAILS,RECOVER_AI_ENGINE,CHECK_GUARDRAILS_PROCESSED,SUCCESS,Processed CHECK_GUARDRAILS for case REC-0020 (PROMISE_TO_PAY) under guardrail policy.
aud_REC-0020_4,REC-0020,2026-08-26T16:20:46.851974,EXECUTE_ACTION,RECOVER_AI_ENGINE,EXECUTE_ACTION_PROCESSED,SUCCESS,Processed EXECUTE_ACTION for case REC-0020 (PROMISE_TO_PAY) under guardrail policy.
aud_REC-0020_5,REC-0020,2026-08-26T16:20:46.851974,VERIFY,RAZORPAY_GATEWAY,VERIFY_PROCESSED,ESCALATED,Processed VERIFY for case REC-0020 (PROMISE_TO_PAY) under guardrail policy.
aud_REC-0020_6,REC-0020,2026-08-26T16:20:46.851974,STOP_OR_ESCALATE,RECOVER_AI_ENGINE,STOP_OR_ESCALATE_PROCESSED,ESCALATED,Processed STOP_OR_ESCALATE for case REC-0020 (PROMISE_TO_PAY) under guardrail policy.
aud_REC-0021_0,REC-0021,2026-08-26T14:13:46.851974,DETECT,RAZORPAY_GATEWAY,DETECT_PROCESSED,SUCCESS,Processed DETECT for case REC-0021 (PAYMENT_DEGRADATION) under guardrail policy.
aud_REC-0021_1,REC-0021,2026-08-26T14:13:46.851974,DIAGNOSE,RECOVER_AI_ENGINE,DIAGNOSE_PROCESSED,SUCCESS,Processed DIAGNOSE for case REC-0021 (PAYMENT_DEGRADATION) under guardrail policy.
aud_REC-0021_2,REC-0021,2026-08-26T14:13:46.851974,DECIDE_PLAYBOOK,RECOVER_AI_ENGINE,DECIDE_PLAYBOOK_PROCESSED,SUCCESS,Processed DECIDE_PLAYBOOK for case REC-0021 (PAYMENT_DEGRADATION) under guardrail policy.
aud_REC-0021_3,REC-0021,2026-08-26T17:09:46.851974,CHECK_GUARDRAILS,RECOVER_AI_ENGINE,CHECK_GUARDRAILS_PROCESSED,SUCCESS,Processed CHECK_GUARDRAILS for case REC-0021 (PAYMENT_DEGRADATION) under guardrail policy.
aud_REC-0021_4,REC-0021,2026-08-26T17:09:46.851974,EXECUTE_ACTION,RECOVER_AI_ENGINE,EXECUTE_ACTION_PROCESSED,SUCCESS,Processed EXECUTE_ACTION for case REC-0021 (PAYMENT_DEGRADATION) under guardrail policy.
aud_REC-0021_5,REC-0021,2026-08-26T17:09:46.851974,VERIFY,RAZORPAY_GATEWAY,VERIFY_PROCESSED,FAILED,Processed VERIFY for case REC-0021 (PAYMENT_DEGRADATION) under guardrail policy.
aud_REC-0021_6,REC-0021,2026-08-26T17:09:46.851974,STOP_OR_ESCALATE,RECOVER_AI_ENGINE,STOP_OR_ESCALATE_PROCESSED,FAILED,Processed STOP_OR_ESCALATE for case REC-0021 (PAYMENT_DEGRADATION) under guardrail policy.
aud_REC-0022_0,REC-0022,2026-08-24T22:13:46.851974,DETECT,RAZORPAY_GATEWAY,DETECT_PROCESSED,SUCCESS,Processed DETECT for case REC-0022 (CHECKOUT_ABANDONMENT) under guardrail policy.
aud_REC-0022_1,REC-0022,2026-08-24T22:13:46.851974,DIAGNOSE,RECOVER_AI_ENGINE,DIAGNOSE_PROCESSED,SUCCESS,Processed DIAGNOSE for case REC-0022 (CHECKOUT_ABANDONMENT) under guardrail policy.
aud_REC-0022_2,REC-0022,2026-08-24T22:13:46.851974,DECIDE_PLAYBOOK,RECOVER_AI_ENGINE,DECIDE_PLAYBOOK_PROCESSED,SUCCESS,Processed DECIDE_PLAYBOOK for case REC-0022 (CHECKOUT_ABANDONMENT) under guardrail policy.
aud_REC-0022_3,REC-0022,2026-08-26T17:37:46.851974,CHECK_GUARDRAILS,RECOVER_AI_ENGINE,CHECK_GUARDRAILS_PROCESSED,SUCCESS,Processed CHECK_GUARDRAILS for case REC-0022 (CHECKOUT_ABANDONMENT) under guardrail policy.
aud_REC-0022_4,REC-0022,2026-08-26T17:37:46.851974,EXECUTE_ACTION,RECOVER_AI_ENGINE,EXECUTE_ACTION_PROCESSED,SUCCESS,Processed EXECUTE_ACTION for case REC-0022 (CHECKOUT_ABANDONMENT) under guardrail policy.
aud_REC-0022_5,REC-0022,2026-08-26T17:37:46.851974,VERIFY,RAZORPAY_GATEWAY,VERIFY_PROCESSED,FAILED,Processed VERIFY for case REC-0022 (CHECKOUT_ABANDONMENT) under guardrail policy.
aud_REC-0022_6,REC-0022,2026-08-26T17:37:46.851974,STOP_OR_ESCALATE,RECOVER_AI_ENGINE,STOP_OR_ESCALATE_PROCESSED,FAILED,Processed STOP_OR_ESCALATE for case REC-0022 (CHECKOUT_ABANDONMENT) under guardrail policy.
aud_REC-0023_0,REC-0023,2026-08-24T13:13:46.851974,DETECT,RAZORPAY_GATEWAY,DETECT_PROCESSED,SUCCESS,Processed DETECT for case REC-0023 (FAILED_SUBSCRIPTION) under guardrail policy.
aud_REC-0023_1,REC-0023,2026-08-24T13:13:46.851974,DIAGNOSE,RECOVER_AI_ENGINE,DIAGNOSE_PROCESSED,SUCCESS,Processed DIAGNOSE for case REC-0023 (FAILED_SUBSCRIPTION) under guardrail policy.
aud_REC-0023_2,REC-0023,2026-08-24T13:13:46.851974,DECIDE_PLAYBOOK,RECOVER_AI_ENGINE,DECIDE_PLAYBOOK_PROCESSED,SUCCESS,Processed DECIDE_PLAYBOOK for case REC-0023 (FAILED_SUBSCRIPTION) under guardrail policy.
aud_REC-0023_3,REC-0023,2026-08-26T17:10:46.851974,CHECK_GUARDRAILS,RECOVER_AI_ENGINE,CHECK_GUARDRAILS_PROCESSED,SUCCESS,Processed CHECK_GUARDRAILS for case REC-0023 (FAILED_SUBSCRIPTION) under guardrail policy.
aud_REC-0023_4,REC-0023,2026-08-26T17:10:46.851974,EXECUTE_ACTION,RECOVER_AI_ENGINE,EXECUTE_ACTION_PROCESSED,SUCCESS,Processed EXECUTE_ACTION for case REC-0023 (FAILED_SUBSCRIPTION) under guardrail policy.
aud_REC-0023_5,REC-0023,2026-08-26T17:10:46.851974,VERIFY,RAZORPAY_GATEWAY,VERIFY_PROCESSED,SUCCESS,Processed VERIFY for case REC-0023 (FAILED_SUBSCRIPTION) under guardrail policy.
aud_REC-0023_6,REC-0023,2026-08-26T17:10:46.851974,STOP_OR_ESCALATE,RECOVER_AI_ENGINE,STOP_OR_ESCALATE_PROCESSED,SUCCESS,Processed STOP_OR_ESCALATE for case REC-0023 (FAILED_SUBSCRIPTION) under guardrail policy.
aud_REC-0024_0,REC-0024,2026-08-26T15:13:46.851974,DETECT,RAZORPAY_GATEWAY,DETECT_PROCESSED,SUCCESS,Processed DETECT for case REC-0024 (B2B_OVERDUE_RECEIVABLES) under guardrail policy.
aud_REC-0024_1,REC-0024,2026-08-26T15:13:46.851974,DIAGNOSE,RECOVER_AI_ENGINE,DIAGNOSE_PROCESSED,SUCCESS,Processed DIAGNOSE for case REC-0024 (B2B_OVERDUE_RECEIVABLES) under guardrail policy.
aud_REC-0024_2,REC-0024,2026-08-26T15:13:46.851974,DECIDE_PLAYBOOK,RECOVER_AI_ENGINE,DECIDE_PLAYBOOK_PROCESSED,SUCCESS,Processed DECIDE_PLAYBOOK for case REC-0024 (B2B_OVERDUE_RECEIVABLES) under guardrail policy.
aud_REC-0024_3,REC-0024,2026-08-26T18:01:46.851974,CHECK_GUARDRAILS,RECOVER_AI_ENGINE,CHECK_GUARDRAILS_PROCESSED,SUCCESS,Processed CHECK_GUARDRAILS for case REC-0024 (B2B_OVERDUE_RECEIVABLES) under guardrail policy.
aud_REC-0024_4,REC-0024,2026-08-26T18:01:46.851974,EXECUTE_ACTION,RECOVER_AI_ENGINE,EXECUTE_ACTION_PROCESSED,SUCCESS,Processed EXECUTE_ACTION for case REC-0024 (B2B_OVERDUE_RECEIVABLES) under guardrail policy.
aud_REC-0024_5,REC-0024,2026-08-26T18:01:46.851974,VERIFY,RAZORPAY_GATEWAY,VERIFY_PROCESSED,FAILED,Processed VERIFY for case REC-0024 (B2B_OVERDUE_RECEIVABLES) under guardrail policy.
aud_REC-0024_6,REC-0024,2026-08-26T18:01:46.851974,STOP_OR_ESCALATE,RECOVER_AI_ENGINE,STOP_OR_ESCALATE_PROCESSED,FAILED,Processed STOP_OR_ESCALATE for case REC-0024 (B2B_OVERDUE_RECEIVABLES) under guardrail policy.
aud_REC-0025_0,REC-0025,2026-08-24T05:13:46.851974,DETECT,RAZORPAY_GATEWAY,DETECT_PROCESSED,SUCCESS,Processed DETECT for case REC-0025 (MANDATE_RETRY) under guardrail policy.
aud_REC-0025_1,REC-0025,2026-08-24T05:13:46.851974,DIAGNOSE,RECOVER_AI_ENGINE,DIAGNOSE_PROCESSED,SUCCESS,Processed DIAGNOSE for case REC-0025 (MANDATE_RETRY) under guardrail policy.
aud_REC-0025_2,REC-0025,2026-08-24T05:13:46.851974,DECIDE_PLAYBOOK,RECOVER_AI_ENGINE,DECIDE_PLAYBOOK_PROCESSED,SUCCESS,Processed DECIDE_PLAYBOOK for case REC-0025 (MANDATE_RETRY) under guardrail policy.
aud_REC-0025_3,REC-0025,2026-08-26T17:02:46.851974,CHECK_GUARDRAILS,RECOVER_AI_ENGINE,CHECK_GUARDRAILS_PROCESSED,SUCCESS,Processed CHECK_GUARDRAILS for case REC-0025 (MANDATE_RETRY) under guardrail policy.
aud_REC-0025_4,REC-0025,2026-08-26T17:02:46.851974,EXECUTE_ACTION,RECOVER_AI_ENGINE,EXECUTE_ACTION_PROCESSED,SUCCESS,Processed EXECUTE_ACTION for case REC-0025 (MANDATE_RETRY) under guardrail policy.
aud_REC-0025_5,REC-0025,2026-08-26T17:02:46.851974,VERIFY,RAZORPAY_GATEWAY,VERIFY_PROCESSED,FAILED,Processed VERIFY for case REC-0025 (MANDATE_RETRY) under guardrail policy.
aud_REC-0025_6,REC-0025,2026-08-26T17:02:46.851974,STOP_OR_ESCALATE,RECOVER_AI_ENGINE,STOP_OR_ESCALATE_PROCESSED,FAILED,Processed STOP_OR_ESCALATE for case REC-0025 (MANDATE_RETRY) under guardrail policy.
aud_REC-0026_0,REC-0026,2026-08-24T23:13:46.851974,DETECT,RAZORPAY_GATEWAY,DETECT_PROCESSED,SUCCESS,Processed DETECT for case REC-0026 (HINGLISH_RECOVERY) under guardrail policy.
aud_REC-0026_1,REC-0026,2026-08-24T23:13:46.851974,DIAGNOSE,RECOVER_AI_ENGINE,DIAGNOSE_PROCESSED,SUCCESS,Processed DIAGNOSE for case REC-0026 (HINGLISH_RECOVERY) under guardrail policy.
aud_REC-0026_2,REC-0026,2026-08-24T23:13:46.851974,DECIDE_PLAYBOOK,RECOVER_AI_ENGINE,DECIDE_PLAYBOOK_PROCESSED,SUCCESS,Processed DECIDE_PLAYBOOK for case REC-0026 (HINGLISH_RECOVERY) under guardrail policy.
aud_REC-0026_3,REC-0026,2026-08-26T17:27:46.851974,CHECK_GUARDRAILS,RECOVER_AI_ENGINE,CHECK_GUARDRAILS_PROCESSED,SUCCESS,Processed CHECK_GUARDRAILS for case REC-0026 (HINGLISH_RECOVERY) under guardrail policy.
aud_REC-0026_4,REC-0026,2026-08-26T17:27:46.851974,EXECUTE_ACTION,RECOVER_AI_ENGINE,EXECUTE_ACTION_PROCESSED,SUCCESS,Processed EXECUTE_ACTION for case REC-0026 (HINGLISH_RECOVERY) under guardrail policy.
aud_REC-0026_5,REC-0026,2026-08-26T17:27:46.851974,VERIFY,RAZORPAY_GATEWAY,VERIFY_PROCESSED,FAILED,Processed VERIFY for case REC-0026 (HINGLISH_RECOVERY) under guardrail policy.
aud_REC-0026_6,REC-0026,2026-08-26T17:27:46.851974,STOP_OR_ESCALATE,RECOVER_AI_ENGINE,STOP_OR_ESCALATE_PROCESSED,FAILED,Processed STOP_OR_ESCALATE for case REC-0026 (HINGLISH_RECOVERY) under guardrail policy.
aud_REC-0027_0,REC-0027,2026-08-25T01:13:46.851974,DETECT,RAZORPAY_GATEWAY,DETECT_PROCESSED,SUCCESS,Processed DETECT for case REC-0027 (PROMISE_TO_PAY) under guardrail policy.
aud_REC-0027_1,REC-0027,2026-08-25T01:13:46.851974,DIAGNOSE,RECOVER_AI_ENGINE,DIAGNOSE_PROCESSED,SUCCESS,Processed DIAGNOSE for case REC-0027 (PROMISE_TO_PAY) under guardrail policy.
aud_REC-0027_2,REC-0027,2026-08-25T01:13:46.851974,DECIDE_PLAYBOOK,RECOVER_AI_ENGINE,DECIDE_PLAYBOOK_PROCESSED,SUCCESS,Processed DECIDE_PLAYBOOK for case REC-0027 (PROMISE_TO_PAY) under guardrail policy.
aud_REC-0027_3,REC-0027,2026-08-26T17:57:46.851974,CHECK_GUARDRAILS,RECOVER_AI_ENGINE,CHECK_GUARDRAILS_PROCESSED,SUCCESS,Processed CHECK_GUARDRAILS for case REC-0027 (PROMISE_TO_PAY) under guardrail policy.
aud_REC-0027_4,REC-0027,2026-08-26T17:57:46.851974,EXECUTE_ACTION,RECOVER_AI_ENGINE,EXECUTE_ACTION_PROCESSED,SUCCESS,Processed EXECUTE_ACTION for case REC-0027 (PROMISE_TO_PAY) under guardrail policy.
aud_REC-0027_5,REC-0027,2026-08-26T17:57:46.851974,VERIFY,RAZORPAY_GATEWAY,VERIFY_PROCESSED,SUCCESS,Processed VERIFY for case REC-0027 (PROMISE_TO_PAY) under guardrail policy.
aud_REC-0027_6,REC-0027,2026-08-26T17:57:46.851974,STOP_OR_ESCALATE,RECOVER_AI_ENGINE,STOP_OR_ESCALATE_PROCESSED,SUCCESS,Processed STOP_OR_ESCALATE for case REC-0027 (PROMISE_TO_PAY) under guardrail policy.
aud_REC-0028_0,REC-0028,2026-08-26T05:13:46.851974,DETECT,RAZORPAY_GATEWAY,DETECT_PROCESSED,SUCCESS,Processed DETECT for case REC-0028 (PAYMENT_DEGRADATION) under guardrail policy.
aud_REC-0028_1,REC-0028,2026-08-26T05:13:46.851974,DIAGNOSE,RECOVER_AI_ENGINE,DIAGNOSE_PROCESSED,SUCCESS,Processed DIAGNOSE for case REC-0028 (PAYMENT_DEGRADATION) under guardrail policy.
aud_REC-0028_2,REC-0028,2026-08-26T05:13:46.851974,DECIDE_PLAYBOOK,RECOVER_AI_ENGINE,DECIDE_PLAYBOOK_PROCESSED,SUCCESS,Processed DECIDE_PLAYBOOK for case REC-0028 (PAYMENT_DEGRADATION) under guardrail policy.
aud_REC-0028_3,REC-0028,2026-08-26T16:26:46.851974,CHECK_GUARDRAILS,RECOVER_AI_ENGINE,CHECK_GUARDRAILS_PROCESSED,SUCCESS,Processed CHECK_GUARDRAILS for case REC-0028 (PAYMENT_DEGRADATION) under guardrail policy.
aud_REC-0028_4,REC-0028,2026-08-26T16:26:46.851974,EXECUTE_ACTION,RECOVER_AI_ENGINE,EXECUTE_ACTION_PROCESSED,SUCCESS,Processed EXECUTE_ACTION for case REC-0028 (PAYMENT_DEGRADATION) under guardrail policy.
aud_REC-0028_5,REC-0028,2026-08-26T16:26:46.851974,VERIFY,RAZORPAY_GATEWAY,VERIFY_PROCESSED,SUCCESS,Processed VERIFY for case REC-0028 (PAYMENT_DEGRADATION) under guardrail policy.
aud_REC-0028_6,REC-0028,2026-08-26T16:26:46.851974,STOP_OR_ESCALATE,RECOVER_AI_ENGINE,STOP_OR_ESCALATE_PROCESSED,SUCCESS,Processed STOP_OR_ESCALATE for case REC-0028 (PAYMENT_DEGRADATION) under guardrail policy.
aud_REC-0029_0,REC-0029,2026-08-25T06:13:46.851974,DETECT,RAZORPAY_GATEWAY,DETECT_PROCESSED,SUCCESS,Processed DETECT for case REC-0029 (CHECKOUT_ABANDONMENT) under guardrail policy.
aud_REC-0029_1,REC-0029,2026-08-25T06:13:46.851974,DIAGNOSE,RECOVER_AI_ENGINE,DIAGNOSE_PROCESSED,SUCCESS,Processed DIAGNOSE for case REC-0029 (CHECKOUT_ABANDONMENT) under guardrail policy.
aud_REC-0029_2,REC-0029,2026-08-25T06:13:46.851974,DECIDE_PLAYBOOK,RECOVER_AI_ENGINE,DECIDE_PLAYBOOK_PROCESSED,SUCCESS,Processed DECIDE_PLAYBOOK for case REC-0029 (CHECKOUT_ABANDONMENT) under guardrail policy.
aud_REC-0029_3,REC-0029,2026-08-26T18:07:46.851974,CHECK_GUARDRAILS,RECOVER_AI_ENGINE,CHECK_GUARDRAILS_PROCESSED,SUCCESS,Processed CHECK_GUARDRAILS for case REC-0029 (CHECKOUT_ABANDONMENT) under guardrail policy.
aud_REC-0029_4,REC-0029,2026-08-26T18:07:46.851974,EXECUTE_ACTION,RECOVER_AI_ENGINE,EXECUTE_ACTION_PROCESSED,SUCCESS,Processed EXECUTE_ACTION for case REC-0029 (CHECKOUT_ABANDONMENT) under guardrail policy.
aud_REC-0029_5,REC-0029,2026-08-26T18:07:46.851974,VERIFY,RAZORPAY_GATEWAY,VERIFY_PROCESSED,SUCCESS,Processed VERIFY for case REC-0029 (CHECKOUT_ABANDONMENT) under guardrail policy.
aud_REC-0029_6,REC-0029,2026-08-26T18:07:46.851974,STOP_OR_ESCALATE,RECOVER_AI_ENGINE,STOP_OR_ESCALATE_PROCESSED,SUCCESS,Processed STOP_OR_ESCALATE for case REC-0029 (CHECKOUT_ABANDONMENT) under guardrail policy.
aud_REC-0030_0,REC-0030,2026-08-26T16:13:46.851974,DETECT,RAZORPAY_GATEWAY,DETECT_PROCESSED,SUCCESS,Processed DETECT for case REC-0030 (FAILED_SUBSCRIPTION) under guardrail policy.
aud_REC-0030_1,REC-0030,2026-08-26T16:13:46.851974,DIAGNOSE,RECOVER_AI_ENGINE,DIAGNOSE_PROCESSED,SUCCESS,Processed DIAGNOSE for case REC-0030 (FAILED_SUBSCRIPTION) under guardrail policy.
aud_REC-0030_2,REC-0030,2026-08-26T16:13:46.851974,DECIDE_PLAYBOOK,RECOVER_AI_ENGINE,DECIDE_PLAYBOOK_PROCESSED,SUCCESS,Processed DECIDE_PLAYBOOK for case REC-0030 (FAILED_SUBSCRIPTION) under guardrail policy.
aud_REC-0030_3,REC-0030,2026-08-26T16:59:46.851974,CHECK_GUARDRAILS,RECOVER_AI_ENGINE,CHECK_GUARDRAILS_PROCESSED,SUCCESS,Processed CHECK_GUARDRAILS for case REC-0030 (FAILED_SUBSCRIPTION) under guardrail policy.
aud_REC-0030_4,REC-0030,2026-08-26T16:59:46.851974,EXECUTE_ACTION,RECOVER_AI_ENGINE,EXECUTE_ACTION_PROCESSED,SUCCESS,Processed EXECUTE_ACTION for case REC-0030 (FAILED_SUBSCRIPTION) under guardrail policy.
aud_REC-0030_5,REC-0030,2026-08-26T16:59:46.851974,VERIFY,RAZORPAY_GATEWAY,VERIFY_PROCESSED,FAILED,Processed VERIFY for case REC-0030 (FAILED_SUBSCRIPTION) under guardrail policy.
aud_REC-0030_6,REC-0030,2026-08-26T16:59:46.851974,STOP_OR_ESCALATE,RECOVER_AI_ENGINE,STOP_OR_ESCALATE_PROCESSED,FAILED,Processed STOP_OR_ESCALATE for case REC-0030 (FAILED_SUBSCRIPTION) under guardrail policy.
aud_REC-0031_0,REC-0031,2026-08-24T04:13:46.851974,DETECT,RAZORPAY_GATEWAY,DETECT_PROCESSED,SUCCESS,Processed DETECT for case REC-0031 (B2B_OVERDUE_RECEIVABLES) under guardrail policy.
aud_REC-0031_1,REC-0031,2026-08-24T04:13:46.851974,DIAGNOSE,RECOVER_AI_ENGINE,DIAGNOSE_PROCESSED,SUCCESS,Processed DIAGNOSE for case REC-0031 (B2B_OVERDUE_RECEIVABLES) under guardrail policy.
aud_REC-0031_2,REC-0031,2026-08-24T04:13:46.851974,DECIDE_PLAYBOOK,RECOVER_AI_ENGINE,DECIDE_PLAYBOOK_PROCESSED,SUCCESS,Processed DECIDE_PLAYBOOK for case REC-0031 (B2B_OVERDUE_RECEIVABLES) under guardrail policy.
aud_REC-0031_3,REC-0031,2026-08-26T17:58:46.851974,CHECK_GUARDRAILS,RECOVER_AI_ENGINE,CHECK_GUARDRAILS_PROCESSED,SUCCESS,Processed CHECK_GUARDRAILS for case REC-0031 (B2B_OVERDUE_RECEIVABLES) under guardrail policy.
aud_REC-0031_4,REC-0031,2026-08-26T17:58:46.851974,EXECUTE_ACTION,RECOVER_AI_ENGINE,EXECUTE_ACTION_PROCESSED,SUCCESS,Processed EXECUTE_ACTION for case REC-0031 (B2B_OVERDUE_RECEIVABLES) under guardrail policy.
aud_REC-0031_5,REC-0031,2026-08-26T17:58:46.851974,VERIFY,RAZORPAY_GATEWAY,VERIFY_PROCESSED,SUCCESS,Processed VERIFY for case REC-0031 (B2B_OVERDUE_RECEIVABLES) under guardrail policy.
aud_REC-0031_6,REC-0031,2026-08-26T17:58:46.851974,STOP_OR_ESCALATE,RECOVER_AI_ENGINE,STOP_OR_ESCALATE_PROCESSED,SUCCESS,Processed STOP_OR_ESCALATE for case REC-0031 (B2B_OVERDUE_RECEIVABLES) under guardrail policy.
aud_REC-0032_0,REC-0032,2026-08-25T22:13:46.851974,DETECT,RAZORPAY_GATEWAY,DETECT_PROCESSED,SUCCESS,Processed DETECT for case REC-0032 (MANDATE_RETRY) under guardrail policy.
aud_REC-0032_1,REC-0032,2026-08-25T22:13:46.851974,DIAGNOSE,RECOVER_AI_ENGINE,DIAGNOSE_PROCESSED,SUCCESS,Processed DIAGNOSE for case REC-0032 (MANDATE_RETRY) under guardrail policy.
aud_REC-0032_2,REC-0032,2026-08-25T22:13:46.851974,DECIDE_PLAYBOOK,RECOVER_AI_ENGINE,DECIDE_PLAYBOOK_PROCESSED,SUCCESS,Processed DECIDE_PLAYBOOK for case REC-0032 (MANDATE_RETRY) under guardrail policy.
aud_REC-0032_3,REC-0032,2026-08-26T17:53:46.851974,CHECK_GUARDRAILS,RECOVER_AI_ENGINE,CHECK_GUARDRAILS_PROCESSED,SUCCESS,Processed CHECK_GUARDRAILS for case REC-0032 (MANDATE_RETRY) under guardrail policy.
aud_REC-0032_4,REC-0032,2026-08-26T17:53:46.851974,EXECUTE_ACTION,RECOVER_AI_ENGINE,EXECUTE_ACTION_PROCESSED,SUCCESS,Processed EXECUTE_ACTION for case REC-0032 (MANDATE_RETRY) under guardrail policy.
aud_REC-0032_5,REC-0032,2026-08-26T17:53:46.851974,VERIFY,RAZORPAY_GATEWAY,VERIFY_PROCESSED,FAILED,Processed VERIFY for case REC-0032 (MANDATE_RETRY) under guardrail policy.
aud_REC-0032_6,REC-0032,2026-08-26T17:53:46.851974,STOP_OR_ESCALATE,RECOVER_AI_ENGINE,STOP_OR_ESCALATE_PROCESSED,FAILED,Processed STOP_OR_ESCALATE for case REC-0032 (MANDATE_RETRY) under guardrail policy.
aud_REC-0033_0,REC-0033,2026-08-23T18:13:46.851974,DETECT,RAZORPAY_GATEWAY,DETECT_PROCESSED,SUCCESS,Processed DETECT for case REC-0033 (HINGLISH_RECOVERY) under guardrail policy.
aud_REC-0033_1,REC-0033,2026-08-23T18:13:46.851974,DIAGNOSE,RECOVER_AI_ENGINE,DIAGNOSE_PROCESSED,SUCCESS,Processed DIAGNOSE for case REC-0033 (HINGLISH_RECOVERY) under guardrail policy.
aud_REC-0033_2,REC-0033,2026-08-23T18:13:46.851974,DECIDE_PLAYBOOK,RECOVER_AI_ENGINE,DECIDE_PLAYBOOK_PROCESSED,SUCCESS,Processed DECIDE_PLAYBOOK for case REC-0033 (HINGLISH_RECOVERY) under guardrail policy.
aud_REC-0033_3,REC-0033,2026-08-26T16:35:46.851974,CHECK_GUARDRAILS,RECOVER_AI_ENGINE,CHECK_GUARDRAILS_PROCESSED,SUCCESS,Processed CHECK_GUARDRAILS for case REC-0033 (HINGLISH_RECOVERY) under guardrail policy.
aud_REC-0033_4,REC-0033,2026-08-26T16:35:46.851974,EXECUTE_ACTION,RECOVER_AI_ENGINE,EXECUTE_ACTION_PROCESSED,SUCCESS,Processed EXECUTE_ACTION for case REC-0033 (HINGLISH_RECOVERY) under guardrail policy.
aud_REC-0033_5,REC-0033,2026-08-26T16:35:46.851974,VERIFY,RAZORPAY_GATEWAY,VERIFY_PROCESSED,FAILED,Processed VERIFY for case REC-0033 (HINGLISH_RECOVERY) under guardrail policy.
aud_REC-0033_6,REC-0033,2026-08-26T16:35:46.851974,STOP_OR_ESCALATE,RECOVER_AI_ENGINE,STOP_OR_ESCALATE_PROCESSED,FAILED,Processed STOP_OR_ESCALATE for case REC-0033 (HINGLISH_RECOVERY) under guardrail policy.
aud_REC-0034_0,REC-0034,2026-08-25T02:13:46.851974,DETECT,RAZORPAY_GATEWAY,DETECT_PROCESSED,SUCCESS,Processed DETECT for case REC-0034 (PROMISE_TO_PAY) under guardrail policy.
aud_REC-0034_1,REC-0034,2026-08-25T02:13:46.851974,DIAGNOSE,RECOVER_AI_ENGINE,DIAGNOSE_PROCESSED,SUCCESS,Processed DIAGNOSE for case REC-0034 (PROMISE_TO_PAY) under guardrail policy.
aud_REC-0034_2,REC-0034,2026-08-25T02:13:46.851974,DECIDE_PLAYBOOK,RECOVER_AI_ENGINE,DECIDE_PLAYBOOK_PROCESSED,SUCCESS,Processed DECIDE_PLAYBOOK for case REC-0034 (PROMISE_TO_PAY) under guardrail policy.
aud_REC-0034_3,REC-0034,2026-08-26T17:00:46.851974,CHECK_GUARDRAILS,RECOVER_AI_ENGINE,CHECK_GUARDRAILS_PROCESSED,SUCCESS,Processed CHECK_GUARDRAILS for case REC-0034 (PROMISE_TO_PAY) under guardrail policy.
aud_REC-0034_4,REC-0034,2026-08-26T17:00:46.851974,EXECUTE_ACTION,RECOVER_AI_ENGINE,EXECUTE_ACTION_PROCESSED,SUCCESS,Processed EXECUTE_ACTION for case REC-0034 (PROMISE_TO_PAY) under guardrail policy.
aud_REC-0034_5,REC-0034,2026-08-26T17:00:46.851974,VERIFY,RAZORPAY_GATEWAY,VERIFY_PROCESSED,SUCCESS,Processed VERIFY for case REC-0034 (PROMISE_TO_PAY) under guardrail policy.
aud_REC-0034_6,REC-0034,2026-08-26T17:00:46.851974,STOP_OR_ESCALATE,RECOVER_AI_ENGINE,STOP_OR_ESCALATE_PROCESSED,SUCCESS,Processed STOP_OR_ESCALATE for case REC-0034 (PROMISE_TO_PAY) under guardrail policy.
aud_REC-0035_0,REC-0035,2026-08-25T21:13:46.851974,DETECT,RAZORPAY_GATEWAY,DETECT_PROCESSED,SUCCESS,Processed DETECT for case REC-0035 (PAYMENT_DEGRADATION) under guardrail policy.
aud_REC-0035_1,REC-0035,2026-08-25T21:13:46.851974,DIAGNOSE,RECOVER_AI_ENGINE,DIAGNOSE_PROCESSED,SUCCESS,Processed DIAGNOSE for case REC-0035 (PAYMENT_DEGRADATION) under guardrail policy.
aud_REC-0035_2,REC-0035,2026-08-25T21:13:46.851974,DECIDE_PLAYBOOK,RECOVER_AI_ENGINE,DECIDE_PLAYBOOK_PROCESSED,SUCCESS,Processed DECIDE_PLAYBOOK for case REC-0035 (PAYMENT_DEGRADATION) under guardrail policy.
aud_REC-0035_3,REC-0035,2026-08-26T17:42:46.851974,CHECK_GUARDRAILS,RECOVER_AI_ENGINE,CHECK_GUARDRAILS_PROCESSED,SUCCESS,Processed CHECK_GUARDRAILS for case REC-0035 (PAYMENT_DEGRADATION) under guardrail policy.
aud_REC-0035_4,REC-0035,2026-08-26T17:42:46.851974,EXECUTE_ACTION,RECOVER_AI_ENGINE,EXECUTE_ACTION_PROCESSED,SUCCESS,Processed EXECUTE_ACTION for case REC-0035 (PAYMENT_DEGRADATION) under guardrail policy.
aud_REC-0035_5,REC-0035,2026-08-26T17:42:46.851974,VERIFY,RAZORPAY_GATEWAY,VERIFY_PROCESSED,FAILED,Processed VERIFY for case REC-0035 (PAYMENT_DEGRADATION) under guardrail policy.
aud_REC-0035_6,REC-0035,2026-08-26T17:42:46.851974,STOP_OR_ESCALATE,RECOVER_AI_ENGINE,STOP_OR_ESCALATE_PROCESSED,FAILED,Processed STOP_OR_ESCALATE for case REC-0035 (PAYMENT_DEGRADATION) under guardrail policy.
aud_REC-0036_0,REC-0036,2026-08-25T04:13:46.851974,DETECT,RAZORPAY_GATEWAY,DETECT_PROCESSED,SUCCESS,Processed DETECT for case REC-0036 (CHECKOUT_ABANDONMENT) under guardrail policy.
aud_REC-0036_1,REC-0036,2026-08-25T04:13:46.851974,DIAGNOSE,RECOVER_AI_ENGINE,DIAGNOSE_PROCESSED,SUCCESS,Processed DIAGNOSE for case REC-0036 (CHECKOUT_ABANDONMENT) under guardrail policy.
aud_REC-0036_2,REC-0036,2026-08-25T04:13:46.851974,DECIDE_PLAYBOOK,RECOVER_AI_ENGINE,DECIDE_PLAYBOOK_PROCESSED,SUCCESS,Processed DECIDE_PLAYBOOK for case REC-0036 (CHECKOUT_ABANDONMENT) under guardrail policy.
aud_REC-0036_3,REC-0036,2026-08-26T18:08:46.851974,CHECK_GUARDRAILS,RECOVER_AI_ENGINE,CHECK_GUARDRAILS_PROCESSED,SUCCESS,Processed CHECK_GUARDRAILS for case REC-0036 (CHECKOUT_ABANDONMENT) under guardrail policy.
aud_REC-0036_4,REC-0036,2026-08-26T18:08:46.851974,EXECUTE_ACTION,RECOVER_AI_ENGINE,EXECUTE_ACTION_PROCESSED,SUCCESS,Processed EXECUTE_ACTION for case REC-0036 (CHECKOUT_ABANDONMENT) under guardrail policy.
aud_REC-0036_5,REC-0036,2026-08-26T18:08:46.851974,VERIFY,RAZORPAY_GATEWAY,VERIFY_PROCESSED,SUCCESS,Processed VERIFY for case REC-0036 (CHECKOUT_ABANDONMENT) under guardrail policy.
aud_REC-0036_6,REC-0036,2026-08-26T18:08:46.851974,STOP_OR_ESCALATE,RECOVER_AI_ENGINE,STOP_OR_ESCALATE_PROCESSED,SUCCESS,Processed STOP_OR_ESCALATE for case REC-0036 (CHECKOUT_ABANDONMENT) under guardrail policy.
aud_REC-0037_0,REC-0037,2026-08-26T08:13:46.851974,DETECT,RAZORPAY_GATEWAY,DETECT_PROCESSED,SUCCESS,Processed DETECT for case REC-0037 (FAILED_SUBSCRIPTION) under guardrail policy.
aud_REC-0037_1,REC-0037,2026-08-26T08:13:46.851974,DIAGNOSE,RECOVER_AI_ENGINE,DIAGNOSE_PROCESSED,SUCCESS,Processed DIAGNOSE for case REC-0037 (FAILED_SUBSCRIPTION) under guardrail policy.
aud_REC-0037_2,REC-0037,2026-08-26T08:13:46.851974,DECIDE_PLAYBOOK,RECOVER_AI_ENGINE,DECIDE_PLAYBOOK_PROCESSED,SUCCESS,Processed DECIDE_PLAYBOOK for case REC-0037 (FAILED_SUBSCRIPTION) under guardrail policy.
aud_REC-0037_3,REC-0037,2026-08-26T16:45:46.851974,CHECK_GUARDRAILS,RECOVER_AI_ENGINE,CHECK_GUARDRAILS_PROCESSED,SUCCESS,Processed CHECK_GUARDRAILS for case REC-0037 (FAILED_SUBSCRIPTION) under guardrail policy.
aud_REC-0037_4,REC-0037,2026-08-26T16:45:46.851974,EXECUTE_ACTION,RECOVER_AI_ENGINE,EXECUTE_ACTION_PROCESSED,SUCCESS,Processed EXECUTE_ACTION for case REC-0037 (FAILED_SUBSCRIPTION) under guardrail policy.
aud_REC-0037_5,REC-0037,2026-08-26T16:45:46.851974,VERIFY,RAZORPAY_GATEWAY,VERIFY_PROCESSED,ESCALATED,Processed VERIFY for case REC-0037 (FAILED_SUBSCRIPTION) under guardrail policy.
aud_REC-0037_6,REC-0037,2026-08-26T16:45:46.851974,STOP_OR_ESCALATE,RECOVER_AI_ENGINE,STOP_OR_ESCALATE_PROCESSED,ESCALATED,Processed STOP_OR_ESCALATE for case REC-0037 (FAILED_SUBSCRIPTION) under guardrail policy.
aud_REC-0038_0,REC-0038,2026-08-26T03:13:46.851974,DETECT,RAZORPAY_GATEWAY,DETECT_PROCESSED,SUCCESS,Processed DETECT for case REC-0038 (B2B_OVERDUE_RECEIVABLES) under guardrail policy.
aud_REC-0038_1,REC-0038,2026-08-26T03:13:46.851974,DIAGNOSE,RECOVER_AI_ENGINE,DIAGNOSE_PROCESSED,SUCCESS,Processed DIAGNOSE for case REC-0038 (B2B_OVERDUE_RECEIVABLES) under guardrail policy.
aud_REC-0038_2,REC-0038,2026-08-26T03:13:46.851974,DECIDE_PLAYBOOK,RECOVER_AI_ENGINE,DECIDE_PLAYBOOK_PROCESSED,SUCCESS,Processed DECIDE_PLAYBOOK for case REC-0038 (B2B_OVERDUE_RECEIVABLES) under guardrail policy.
aud_REC-0038_3,REC-0038,2026-08-26T17:03:46.851974,CHECK_GUARDRAILS,RECOVER_AI_ENGINE,CHECK_GUARDRAILS_PROCESSED,SUCCESS,Processed CHECK_GUARDRAILS for case REC-0038 (B2B_OVERDUE_RECEIVABLES) under guardrail policy.
aud_REC-0038_4,REC-0038,2026-08-26T17:03:46.851974,EXECUTE_ACTION,RECOVER_AI_ENGINE,EXECUTE_ACTION_PROCESSED,SUCCESS,Processed EXECUTE_ACTION for case REC-0038 (B2B_OVERDUE_RECEIVABLES) under guardrail policy.
aud_REC-0038_5,REC-0038,2026-08-26T17:03:46.851974,VERIFY,RAZORPAY_GATEWAY,VERIFY_PROCESSED,FAILED,Processed VERIFY for case REC-0038 (B2B_OVERDUE_RECEIVABLES) under guardrail policy.
aud_REC-0038_6,REC-0038,2026-08-26T17:03:46.851974,STOP_OR_ESCALATE,RECOVER_AI_ENGINE,STOP_OR_ESCALATE_PROCESSED,FAILED,Processed STOP_OR_ESCALATE for case REC-0038 (B2B_OVERDUE_RECEIVABLES) under guardrail policy.
aud_REC-0039_0,REC-0039,2026-08-26T10:13:46.851974,DETECT,RAZORPAY_GATEWAY,DETECT_PROCESSED,SUCCESS,Processed DETECT for case REC-0039 (MANDATE_RETRY) under guardrail policy.
aud_REC-0039_1,REC-0039,2026-08-26T10:13:46.851974,DIAGNOSE,RECOVER_AI_ENGINE,DIAGNOSE_PROCESSED,SUCCESS,Processed DIAGNOSE for case REC-0039 (MANDATE_RETRY) under guardrail policy.
aud_REC-0039_2,REC-0039,2026-08-26T10:13:46.851974,DECIDE_PLAYBOOK,RECOVER_AI_ENGINE,DECIDE_PLAYBOOK_PROCESSED,SUCCESS,Processed DECIDE_PLAYBOOK for case REC-0039 (MANDATE_RETRY) under guardrail policy.
aud_REC-0039_3,REC-0039,2026-08-26T17:51:46.851974,CHECK_GUARDRAILS,RECOVER_AI_ENGINE,CHECK_GUARDRAILS_PROCESSED,SUCCESS,Processed CHECK_GUARDRAILS for case REC-0039 (MANDATE_RETRY) under guardrail policy.
aud_REC-0039_4,REC-0039,2026-08-26T17:51:46.851974,EXECUTE_ACTION,RECOVER_AI_ENGINE,EXECUTE_ACTION_PROCESSED,SUCCESS,Processed EXECUTE_ACTION for case REC-0039 (MANDATE_RETRY) under guardrail policy.
aud_REC-0039_5,REC-0039,2026-08-26T17:51:46.851974,VERIFY,RAZORPAY_GATEWAY,VERIFY_PROCESSED,ESCALATED,Processed VERIFY for case REC-0039 (MANDATE_RETRY) under guardrail policy.
aud_REC-0039_6,REC-0039,2026-08-26T17:51:46.851974,STOP_OR_ESCALATE,RECOVER_AI_ENGINE,STOP_OR_ESCALATE_PROCESSED,ESCALATED,Processed STOP_OR_ESCALATE for case REC-0039 (MANDATE_RETRY) under guardrail policy.
aud_REC-0040_0,REC-0040,2026-08-25T05:13:46.851974,DETECT,RAZORPAY_GATEWAY,DETECT_PROCESSED,SUCCESS,Processed DETECT for case REC-0040 (HINGLISH_RECOVERY) under guardrail policy.
aud_REC-0040_1,REC-0040,2026-08-25T05:13:46.851974,DIAGNOSE,RECOVER_AI_ENGINE,DIAGNOSE_PROCESSED,SUCCESS,Processed DIAGNOSE for case REC-0040 (HINGLISH_RECOVERY) under guardrail policy.
aud_REC-0040_2,REC-0040,2026-08-25T05:13:46.851974,DECIDE_PLAYBOOK,RECOVER_AI_ENGINE,DECIDE_PLAYBOOK_PROCESSED,SUCCESS,Processed DECIDE_PLAYBOOK for case REC-0040 (HINGLISH_RECOVERY) under guardrail policy.
aud_REC-0040_3,REC-0040,2026-08-26T17:16:46.851974,CHECK_GUARDRAILS,RECOVER_AI_ENGINE,CHECK_GUARDRAILS_PROCESSED,SUCCESS,Processed CHECK_GUARDRAILS for case REC-0040 (HINGLISH_RECOVERY) under guardrail policy.
aud_REC-0040_4,REC-0040,2026-08-26T17:16:46.851974,EXECUTE_ACTION,RECOVER_AI_ENGINE,EXECUTE_ACTION_PROCESSED,SUCCESS,Processed EXECUTE_ACTION for case REC-0040 (HINGLISH_RECOVERY) under guardrail policy.
aud_REC-0040_5,REC-0040,2026-08-26T17:16:46.851974,VERIFY,RAZORPAY_GATEWAY,VERIFY_PROCESSED,ESCALATED,Processed VERIFY for case REC-0040 (HINGLISH_RECOVERY) under guardrail policy.
aud_REC-0040_6,REC-0040,2026-08-26T17:16:46.851974,STOP_OR_ESCALATE,RECOVER_AI_ENGINE,STOP_OR_ESCALATE_PROCESSED,ESCALATED,Processed STOP_OR_ESCALATE for case REC-0040 (HINGLISH_RECOVERY) under guardrail policy.
aud_REC-0041_0,REC-0041,2026-08-24T09:13:46.851974,DETECT,RAZORPAY_GATEWAY,DETECT_PROCESSED,SUCCESS,Processed DETECT for case REC-0041 (PROMISE_TO_PAY) under guardrail policy.
aud_REC-0041_1,REC-0041,2026-08-24T09:13:46.851974,DIAGNOSE,RECOVER_AI_ENGINE,DIAGNOSE_PROCESSED,SUCCESS,Processed DIAGNOSE for case REC-0041 (PROMISE_TO_PAY) under guardrail policy.
aud_REC-0041_2,REC-0041,2026-08-24T09:13:46.851974,DECIDE_PLAYBOOK,RECOVER_AI_ENGINE,DECIDE_PLAYBOOK_PROCESSED,SUCCESS,Processed DECIDE_PLAYBOOK for case REC-0041 (PROMISE_TO_PAY) under guardrail policy.
aud_REC-0041_3,REC-0041,2026-08-26T18:02:46.851974,CHECK_GUARDRAILS,RECOVER_AI_ENGINE,CHECK_GUARDRAILS_PROCESSED,SUCCESS,Processed CHECK_GUARDRAILS for case REC-0041 (PROMISE_TO_PAY) under guardrail policy.
aud_REC-0041_4,REC-0041,2026-08-26T18:02:46.851974,EXECUTE_ACTION,RECOVER_AI_ENGINE,EXECUTE_ACTION_PROCESSED,SUCCESS,Processed EXECUTE_ACTION for case REC-0041 (PROMISE_TO_PAY) under guardrail policy.
aud_REC-0041_5,REC-0041,2026-08-26T18:02:46.851974,VERIFY,RAZORPAY_GATEWAY,VERIFY_PROCESSED,SUCCESS,Processed VERIFY for case REC-0041 (PROMISE_TO_PAY) under guardrail policy.
aud_REC-0041_6,REC-0041,2026-08-26T18:02:46.851974,STOP_OR_ESCALATE,RECOVER_AI_ENGINE,STOP_OR_ESCALATE_PROCESSED,SUCCESS,Processed STOP_OR_ESCALATE for case REC-0041 (PROMISE_TO_PAY) under guardrail policy.
aud_REC-0042_0,REC-0042,2026-08-25T12:13:46.851974,DETECT,RAZORPAY_GATEWAY,DETECT_PROCESSED,SUCCESS,Processed DETECT for case REC-0042 (PAYMENT_DEGRADATION) under guardrail policy.
aud_REC-0042_1,REC-0042,2026-08-25T12:13:46.851974,DIAGNOSE,RECOVER_AI_ENGINE,DIAGNOSE_PROCESSED,SUCCESS,Processed DIAGNOSE for case REC-0042 (PAYMENT_DEGRADATION) under guardrail policy.
aud_REC-0042_2,REC-0042,2026-08-25T12:13:46.851974,DECIDE_PLAYBOOK,RECOVER_AI_ENGINE,DECIDE_PLAYBOOK_PROCESSED,SUCCESS,Processed DECIDE_PLAYBOOK for case REC-0042 (PAYMENT_DEGRADATION) under guardrail policy.
aud_REC-0042_3,REC-0042,2026-08-26T16:46:46.851974,CHECK_GUARDRAILS,RECOVER_AI_ENGINE,CHECK_GUARDRAILS_PROCESSED,SUCCESS,Processed CHECK_GUARDRAILS for case REC-0042 (PAYMENT_DEGRADATION) under guardrail policy.
aud_REC-0042_4,REC-0042,2026-08-26T16:46:46.851974,EXECUTE_ACTION,RECOVER_AI_ENGINE,EXECUTE_ACTION_PROCESSED,SUCCESS,Processed EXECUTE_ACTION for case REC-0042 (PAYMENT_DEGRADATION) under guardrail policy.
aud_REC-0042_5,REC-0042,2026-08-26T16:46:46.851974,VERIFY,RAZORPAY_GATEWAY,VERIFY_PROCESSED,FAILED,Processed VERIFY for case REC-0042 (PAYMENT_DEGRADATION) under guardrail policy.
aud_REC-0042_6,REC-0042,2026-08-26T16:46:46.851974,STOP_OR_ESCALATE,RECOVER_AI_ENGINE,STOP_OR_ESCALATE_PROCESSED,FAILED,Processed STOP_OR_ESCALATE for case REC-0042 (PAYMENT_DEGRADATION) under guardrail policy.
aud_REC-0043_0,REC-0043,2026-08-26T12:13:46.851974,DETECT,RAZORPAY_GATEWAY,DETECT_PROCESSED,SUCCESS,Processed DETECT for case REC-0043 (CHECKOUT_ABANDONMENT) under guardrail policy.
aud_REC-0043_1,REC-0043,2026-08-26T12:13:46.851974,DIAGNOSE,RECOVER_AI_ENGINE,DIAGNOSE_PROCESSED,SUCCESS,Processed DIAGNOSE for case REC-0043 (CHECKOUT_ABANDONMENT) under guardrail policy.
aud_REC-0043_2,REC-0043,2026-08-26T12:13:46.851974,DECIDE_PLAYBOOK,RECOVER_AI_ENGINE,DECIDE_PLAYBOOK_PROCESSED,SUCCESS,Processed DECIDE_PLAYBOOK for case REC-0043 (CHECKOUT_ABANDONMENT) under guardrail policy.
aud_REC-0043_3,REC-0043,2026-08-26T16:35:46.851974,CHECK_GUARDRAILS,RECOVER_AI_ENGINE,CHECK_GUARDRAILS_PROCESSED,SUCCESS,Processed CHECK_GUARDRAILS for case REC-0043 (CHECKOUT_ABANDONMENT) under guardrail policy.
aud_REC-0043_4,REC-0043,2026-08-26T16:35:46.851974,EXECUTE_ACTION,RECOVER_AI_ENGINE,EXECUTE_ACTION_PROCESSED,SUCCESS,Processed EXECUTE_ACTION for case REC-0043 (CHECKOUT_ABANDONMENT) under guardrail policy.
aud_REC-0043_5,REC-0043,2026-08-26T16:35:46.851974,VERIFY,RAZORPAY_GATEWAY,VERIFY_PROCESSED,ESCALATED,Processed VERIFY for case REC-0043 (CHECKOUT_ABANDONMENT) under guardrail policy.
aud_REC-0043_6,REC-0043,2026-08-26T16:35:46.851974,STOP_OR_ESCALATE,RECOVER_AI_ENGINE,STOP_OR_ESCALATE_PROCESSED,ESCALATED,Processed STOP_OR_ESCALATE for case REC-0043 (CHECKOUT_ABANDONMENT) under guardrail policy.
aud_REC-0044_0,REC-0044,2026-08-25T18:13:46.851974,DETECT,RAZORPAY_GATEWAY,DETECT_PROCESSED,SUCCESS,Processed DETECT for case REC-0044 (FAILED_SUBSCRIPTION) under guardrail policy.
aud_REC-0044_1,REC-0044,2026-08-25T18:13:46.851974,DIAGNOSE,RECOVER_AI_ENGINE,DIAGNOSE_PROCESSED,SUCCESS,Processed DIAGNOSE for case REC-0044 (FAILED_SUBSCRIPTION) under guardrail policy.
aud_REC-0044_2,REC-0044,2026-08-25T18:13:46.851974,DECIDE_PLAYBOOK,RECOVER_AI_ENGINE,DECIDE_PLAYBOOK_PROCESSED,SUCCESS,Processed DECIDE_PLAYBOOK for case REC-0044 (FAILED_SUBSCRIPTION) under guardrail policy.
aud_REC-0044_3,REC-0044,2026-08-26T16:58:46.851974,CHECK_GUARDRAILS,RECOVER_AI_ENGINE,CHECK_GUARDRAILS_PROCESSED,SUCCESS,Processed CHECK_GUARDRAILS for case REC-0044 (FAILED_SUBSCRIPTION) under guardrail policy.
aud_REC-0044_4,REC-0044,2026-08-26T16:58:46.851974,EXECUTE_ACTION,RECOVER_AI_ENGINE,EXECUTE_ACTION_PROCESSED,SUCCESS,Processed EXECUTE_ACTION for case REC-0044 (FAILED_SUBSCRIPTION) under guardrail policy.
aud_REC-0044_5,REC-0044,2026-08-26T16:58:46.851974,VERIFY,RAZORPAY_GATEWAY,VERIFY_PROCESSED,FAILED,Processed VERIFY for case REC-0044 (FAILED_SUBSCRIPTION) under guardrail policy.
aud_REC-0044_6,REC-0044,2026-08-26T16:58:46.851974,STOP_OR_ESCALATE,RECOVER_AI_ENGINE,STOP_OR_ESCALATE_PROCESSED,FAILED,Processed STOP_OR_ESCALATE for case REC-0044 (FAILED_SUBSCRIPTION) under guardrail policy.
aud_REC-0045_0,REC-0045,2026-08-25T00:13:46.851974,DETECT,RAZORPAY_GATEWAY,DETECT_PROCESSED,SUCCESS,Processed DETECT for case REC-0045 (B2B_OVERDUE_RECEIVABLES) under guardrail policy.
aud_REC-0045_1,REC-0045,2026-08-25T00:13:46.851974,DIAGNOSE,RECOVER_AI_ENGINE,DIAGNOSE_PROCESSED,SUCCESS,Processed DIAGNOSE for case REC-0045 (B2B_OVERDUE_RECEIVABLES) under guardrail policy.
aud_REC-0045_2,REC-0045,2026-08-25T00:13:46.851974,DECIDE_PLAYBOOK,RECOVER_AI_ENGINE,DECIDE_PLAYBOOK_PROCESSED,SUCCESS,Processed DECIDE_PLAYBOOK for case REC-0045 (B2B_OVERDUE_RECEIVABLES) under guardrail policy.
aud_REC-0045_3,REC-0045,2026-08-26T16:47:46.851974,CHECK_GUARDRAILS,RECOVER_AI_ENGINE,CHECK_GUARDRAILS_PROCESSED,SUCCESS,Processed CHECK_GUARDRAILS for case REC-0045 (B2B_OVERDUE_RECEIVABLES) under guardrail policy.
aud_REC-0045_4,REC-0045,2026-08-26T16:47:46.851974,EXECUTE_ACTION,RECOVER_AI_ENGINE,EXECUTE_ACTION_PROCESSED,SUCCESS,Processed EXECUTE_ACTION for case REC-0045 (B2B_OVERDUE_RECEIVABLES) under guardrail policy.
aud_REC-0045_5,REC-0045,2026-08-26T16:47:46.851974,VERIFY,RAZORPAY_GATEWAY,VERIFY_PROCESSED,FAILED,Processed VERIFY for case REC-0045 (B2B_OVERDUE_RECEIVABLES) under guardrail policy.
aud_REC-0045_6,REC-0045,2026-08-26T16:47:46.851974,STOP_OR_ESCALATE,RECOVER_AI_ENGINE,STOP_OR_ESCALATE_PROCESSED,FAILED,Processed STOP_OR_ESCALATE for case REC-0045 (B2B_OVERDUE_RECEIVABLES) under guardrail policy.
aud_REC-0046_0,REC-0046,2026-08-23T19:13:46.851974,DETECT,RAZORPAY_GATEWAY,DETECT_PROCESSED,SUCCESS,Processed DETECT for case REC-0046 (MANDATE_RETRY) under guardrail policy.
aud_REC-0046_1,REC-0046,2026-08-23T19:13:46.851974,DIAGNOSE,RECOVER_AI_ENGINE,DIAGNOSE_PROCESSED,SUCCESS,Processed DIAGNOSE for case REC-0046 (MANDATE_RETRY) under guardrail policy.
aud_REC-0046_2,REC-0046,2026-08-23T19:13:46.851974,DECIDE_PLAYBOOK,RECOVER_AI_ENGINE,DECIDE_PLAYBOOK_PROCESSED,SUCCESS,Processed DECIDE_PLAYBOOK for case REC-0046 (MANDATE_RETRY) under guardrail policy.
aud_REC-0046_3,REC-0046,2026-08-26T18:08:46.851974,CHECK_GUARDRAILS,RECOVER_AI_ENGINE,CHECK_GUARDRAILS_PROCESSED,SUCCESS,Processed CHECK_GUARDRAILS for case REC-0046 (MANDATE_RETRY) under guardrail policy.
aud_REC-0046_4,REC-0046,2026-08-26T18:08:46.851974,EXECUTE_ACTION,RECOVER_AI_ENGINE,EXECUTE_ACTION_PROCESSED,SUCCESS,Processed EXECUTE_ACTION for case REC-0046 (MANDATE_RETRY) under guardrail policy.
aud_REC-0046_5,REC-0046,2026-08-26T18:08:46.851974,VERIFY,RAZORPAY_GATEWAY,VERIFY_PROCESSED,SUCCESS,Processed VERIFY for case REC-0046 (MANDATE_RETRY) under guardrail policy.
aud_REC-0046_6,REC-0046,2026-08-26T18:08:46.851974,STOP_OR_ESCALATE,RECOVER_AI_ENGINE,STOP_OR_ESCALATE_PROCESSED,SUCCESS,Processed STOP_OR_ESCALATE for case REC-0046 (MANDATE_RETRY) under guardrail policy.
aud_REC-0047_0,REC-0047,2026-08-23T20:13:46.851974,DETECT,RAZORPAY_GATEWAY,DETECT_PROCESSED,SUCCESS,Processed DETECT for case REC-0047 (HINGLISH_RECOVERY) under guardrail policy.
aud_REC-0047_1,REC-0047,2026-08-23T20:13:46.851974,DIAGNOSE,RECOVER_AI_ENGINE,DIAGNOSE_PROCESSED,SUCCESS,Processed DIAGNOSE for case REC-0047 (HINGLISH_RECOVERY) under guardrail policy.
aud_REC-0047_2,REC-0047,2026-08-23T20:13:46.851974,DECIDE_PLAYBOOK,RECOVER_AI_ENGINE,DECIDE_PLAYBOOK_PROCESSED,SUCCESS,Processed DECIDE_PLAYBOOK for case REC-0047 (HINGLISH_RECOVERY) under guardrail policy.
aud_REC-0047_3,REC-0047,2026-08-26T17:13:46.851974,CHECK_GUARDRAILS,RECOVER_AI_ENGINE,CHECK_GUARDRAILS_PROCESSED,SUCCESS,Processed CHECK_GUARDRAILS for case REC-0047 (HINGLISH_RECOVERY) under guardrail policy.
aud_REC-0047_4,REC-0047,2026-08-26T17:13:46.851974,EXECUTE_ACTION,RECOVER_AI_ENGINE,EXECUTE_ACTION_PROCESSED,SUCCESS,Processed EXECUTE_ACTION for case REC-0047 (HINGLISH_RECOVERY) under guardrail policy.
aud_REC-0047_5,REC-0047,2026-08-26T17:13:46.851974,VERIFY,RAZORPAY_GATEWAY,VERIFY_PROCESSED,SUCCESS,Processed VERIFY for case REC-0047 (HINGLISH_RECOVERY) under guardrail policy.
aud_REC-0047_6,REC-0047,2026-08-26T17:13:46.851974,STOP_OR_ESCALATE,RECOVER_AI_ENGINE,STOP_OR_ESCALATE_PROCESSED,SUCCESS,Processed STOP_OR_ESCALATE for case REC-0047 (HINGLISH_RECOVERY) under guardrail policy.
aud_REC-0048_0,REC-0048,2026-08-24T09:13:46.851974,DETECT,RAZORPAY_GATEWAY,DETECT_PROCESSED,SUCCESS,Processed DETECT for case REC-0048 (PROMISE_TO_PAY) under guardrail policy.
aud_REC-0048_1,REC-0048,2026-08-24T09:13:46.851974,DIAGNOSE,RECOVER_AI_ENGINE,DIAGNOSE_PROCESSED,SUCCESS,Processed DIAGNOSE for case REC-0048 (PROMISE_TO_PAY) under guardrail policy.
aud_REC-0048_2,REC-0048,2026-08-24T09:13:46.851974,DECIDE_PLAYBOOK,RECOVER_AI_ENGINE,DECIDE_PLAYBOOK_PROCESSED,SUCCESS,Processed DECIDE_PLAYBOOK for case REC-0048 (PROMISE_TO_PAY) under guardrail policy.
aud_REC-0048_3,REC-0048,2026-08-26T16:35:46.851974,CHECK_GUARDRAILS,RECOVER_AI_ENGINE,CHECK_GUARDRAILS_PROCESSED,SUCCESS,Processed CHECK_GUARDRAILS for case REC-0048 (PROMISE_TO_PAY) under guardrail policy.
aud_REC-0048_4,REC-0048,2026-08-26T16:35:46.851974,EXECUTE_ACTION,RECOVER_AI_ENGINE,EXECUTE_ACTION_PROCESSED,SUCCESS,Processed EXECUTE_ACTION for case REC-0048 (PROMISE_TO_PAY) under guardrail policy.
aud_REC-0048_5,REC-0048,2026-08-26T16:35:46.851974,VERIFY,RAZORPAY_GATEWAY,VERIFY_PROCESSED,FAILED,Processed VERIFY for case REC-0048 (PROMISE_TO_PAY) under guardrail policy.
aud_REC-0048_6,REC-0048,2026-08-26T16:35:46.851974,STOP_OR_ESCALATE,RECOVER_AI_ENGINE,STOP_OR_ESCALATE_PROCESSED,FAILED,Processed STOP_OR_ESCALATE for case REC-0048 (PROMISE_TO_PAY) under guardrail policy.
aud_REC-0049_0,REC-0049,2026-08-26T02:13:46.851974,DETECT,RAZORPAY_GATEWAY,DETECT_PROCESSED,SUCCESS,Processed DETECT for case REC-0049 (PAYMENT_DEGRADATION) under guardrail policy.
aud_REC-0049_1,REC-0049,2026-08-26T02:13:46.851974,DIAGNOSE,RECOVER_AI_ENGINE,DIAGNOSE_PROCESSED,SUCCESS,Processed DIAGNOSE for case REC-0049 (PAYMENT_DEGRADATION) under guardrail policy.
aud_REC-0049_2,REC-0049,2026-08-26T02:13:46.851974,DECIDE_PLAYBOOK,RECOVER_AI_ENGINE,DECIDE_PLAYBOOK_PROCESSED,SUCCESS,Processed DECIDE_PLAYBOOK for case REC-0049 (PAYMENT_DEGRADATION) under guardrail policy.
aud_REC-0049_3,REC-0049,2026-08-26T18:09:46.851974,CHECK_GUARDRAILS,RECOVER_AI_ENGINE,CHECK_GUARDRAILS_PROCESSED,SUCCESS,Processed CHECK_GUARDRAILS for case REC-0049 (PAYMENT_DEGRADATION) under guardrail policy.
aud_REC-0049_4,REC-0049,2026-08-26T18:09:46.851974,EXECUTE_ACTION,RECOVER_AI_ENGINE,EXECUTE_ACTION_PROCESSED,SUCCESS,Processed EXECUTE_ACTION for case REC-0049 (PAYMENT_DEGRADATION) under guardrail policy.
aud_REC-0049_5,REC-0049,2026-08-26T18:09:46.851974,VERIFY,RAZORPAY_GATEWAY,VERIFY_PROCESSED,SUCCESS,Processed VERIFY for case REC-0049 (PAYMENT_DEGRADATION) under guardrail policy.
aud_REC-0049_6,REC-0049,2026-08-26T18:09:46.851974,STOP_OR_ESCALATE,RECOVER_AI_ENGINE,STOP_OR_ESCALATE_PROCESSED,SUCCESS,Processed STOP_OR_ESCALATE for case REC-0049 (PAYMENT_DEGRADATION) under guardrail policy.
aud_REC-0050_0,REC-0050,2026-08-26T06:13:46.851974,DETECT,RAZORPAY_GATEWAY,DETECT_PROCESSED,SUCCESS,Processed DETECT for case REC-0050 (CHECKOUT_ABANDONMENT) under guardrail policy.
aud_REC-0050_1,REC-0050,2026-08-26T06:13:46.851974,DIAGNOSE,RECOVER_AI_ENGINE,DIAGNOSE_PROCESSED,SUCCESS,Processed DIAGNOSE for case REC-0050 (CHECKOUT_ABANDONMENT) under guardrail policy.
aud_REC-0050_2,REC-0050,2026-08-26T06:13:46.851974,DECIDE_PLAYBOOK,RECOVER_AI_ENGINE,DECIDE_PLAYBOOK_PROCESSED,SUCCESS,Processed DECIDE_PLAYBOOK for case REC-0050 (CHECKOUT_ABANDONMENT) under guardrail policy.
aud_REC-0050_3,REC-0050,2026-08-26T17:44:46.851974,CHECK_GUARDRAILS,RECOVER_AI_ENGINE,CHECK_GUARDRAILS_PROCESSED,SUCCESS,Processed CHECK_GUARDRAILS for case REC-0050 (CHECKOUT_ABANDONMENT) under guardrail policy.
aud_REC-0050_4,REC-0050,2026-08-26T17:44:46.851974,EXECUTE_ACTION,RECOVER_AI_ENGINE,EXECUTE_ACTION_PROCESSED,SUCCESS,Processed EXECUTE_ACTION for case REC-0050 (CHECKOUT_ABANDONMENT) under guardrail policy.
aud_REC-0050_5,REC-0050,2026-08-26T17:44:46.851974,VERIFY,RAZORPAY_GATEWAY,VERIFY_PROCESSED,SUCCESS,Processed VERIFY for case REC-0050 (CHECKOUT_ABANDONMENT) under guardrail policy.
aud_REC-0050_6,REC-0050,2026-08-26T17:44:46.851974,STOP_OR_ESCALATE,RECOVER_AI_ENGINE,STOP_OR_ESCALATE_PROCESSED,SUCCESS,Processed STOP_OR_ESCALATE for case REC-0050 (CHECKOUT_ABANDONMENT) under guardrail policy.
aud_REC-0051_0,REC-0051,2026-08-25T22:13:46.851974,DETECT,RAZORPAY_GATEWAY,DETECT_PROCESSED,SUCCESS,Processed DETECT for case REC-0051 (FAILED_SUBSCRIPTION) under guardrail policy.
aud_REC-0051_1,REC-0051,2026-08-25T22:13:46.851974,DIAGNOSE,RECOVER_AI_ENGINE,DIAGNOSE_PROCESSED,SUCCESS,Processed DIAGNOSE for case REC-0051 (FAILED_SUBSCRIPTION) under guardrail policy.
aud_REC-0051_2,REC-0051,2026-08-25T22:13:46.851974,DECIDE_PLAYBOOK,RECOVER_AI_ENGINE,DECIDE_PLAYBOOK_PROCESSED,SUCCESS,Processed DECIDE_PLAYBOOK for case REC-0051 (FAILED_SUBSCRIPTION) under guardrail policy.
aud_REC-0051_3,REC-0051,2026-08-26T17:09:46.851974,CHECK_GUARDRAILS,RECOVER_AI_ENGINE,CHECK_GUARDRAILS_PROCESSED,SUCCESS,Processed CHECK_GUARDRAILS for case REC-0051 (FAILED_SUBSCRIPTION) under guardrail policy.
aud_REC-0051_4,REC-0051,2026-08-26T17:09:46.851974,EXECUTE_ACTION,RECOVER_AI_ENGINE,EXECUTE_ACTION_PROCESSED,SUCCESS,Processed EXECUTE_ACTION for case REC-0051 (FAILED_SUBSCRIPTION) under guardrail policy.
aud_REC-0051_5,REC-0051,2026-08-26T17:09:46.851974,VERIFY,RAZORPAY_GATEWAY,VERIFY_PROCESSED,FAILED,Processed VERIFY for case REC-0051 (FAILED_SUBSCRIPTION) under guardrail policy.
aud_REC-0051_6,REC-0051,2026-08-26T17:09:46.851974,STOP_OR_ESCALATE,RECOVER_AI_ENGINE,STOP_OR_ESCALATE_PROCESSED,FAILED,Processed STOP_OR_ESCALATE for case REC-0051 (FAILED_SUBSCRIPTION) under guardrail policy.
aud_REC-0052_0,REC-0052,2026-08-24T04:13:46.851974,DETECT,RAZORPAY_GATEWAY,DETECT_PROCESSED,SUCCESS,Processed DETECT for case REC-0052 (B2B_OVERDUE_RECEIVABLES) under guardrail policy.
aud_REC-0052_1,REC-0052,2026-08-24T04:13:46.851974,DIAGNOSE,RECOVER_AI_ENGINE,DIAGNOSE_PROCESSED,SUCCESS,Processed DIAGNOSE for case REC-0052 (B2B_OVERDUE_RECEIVABLES) under guardrail policy.
aud_REC-0052_2,REC-0052,2026-08-24T04:13:46.851974,DECIDE_PLAYBOOK,RECOVER_AI_ENGINE,DECIDE_PLAYBOOK_PROCESSED,SUCCESS,Processed DECIDE_PLAYBOOK for case REC-0052 (B2B_OVERDUE_RECEIVABLES) under guardrail policy.
aud_REC-0052_3,REC-0052,2026-08-26T17:12:46.851974,CHECK_GUARDRAILS,RECOVER_AI_ENGINE,CHECK_GUARDRAILS_PROCESSED,SUCCESS,Processed CHECK_GUARDRAILS for case REC-0052 (B2B_OVERDUE_RECEIVABLES) under guardrail policy.
aud_REC-0052_4,REC-0052,2026-08-26T17:12:46.851974,EXECUTE_ACTION,RECOVER_AI_ENGINE,EXECUTE_ACTION_PROCESSED,SUCCESS,Processed EXECUTE_ACTION for case REC-0052 (B2B_OVERDUE_RECEIVABLES) under guardrail policy.
aud_REC-0052_5,REC-0052,2026-08-26T17:12:46.851974,VERIFY,RAZORPAY_GATEWAY,VERIFY_PROCESSED,ESCALATED,Processed VERIFY for case REC-0052 (B2B_OVERDUE_RECEIVABLES) under guardrail policy.
aud_REC-0052_6,REC-0052,2026-08-26T17:12:46.851974,STOP_OR_ESCALATE,RECOVER_AI_ENGINE,STOP_OR_ESCALATE_PROCESSED,ESCALATED,Processed STOP_OR_ESCALATE for case REC-0052 (B2B_OVERDUE_RECEIVABLES) under guardrail policy.
aud_REC-0053_0,REC-0053,2026-08-26T09:13:46.851974,DETECT,RAZORPAY_GATEWAY,DETECT_PROCESSED,SUCCESS,Processed DETECT for case REC-0053 (MANDATE_RETRY) under guardrail policy.
aud_REC-0053_1,REC-0053,2026-08-26T09:13:46.851974,DIAGNOSE,RECOVER_AI_ENGINE,DIAGNOSE_PROCESSED,SUCCESS,Processed DIAGNOSE for case REC-0053 (MANDATE_RETRY) under guardrail policy.
aud_REC-0053_2,REC-0053,2026-08-26T09:13:46.851974,DECIDE_PLAYBOOK,RECOVER_AI_ENGINE,DECIDE_PLAYBOOK_PROCESSED,SUCCESS,Processed DECIDE_PLAYBOOK for case REC-0053 (MANDATE_RETRY) under guardrail policy.
aud_REC-0053_3,REC-0053,2026-08-26T17:37:46.851974,CHECK_GUARDRAILS,RECOVER_AI_ENGINE,CHECK_GUARDRAILS_PROCESSED,SUCCESS,Processed CHECK_GUARDRAILS for case REC-0053 (MANDATE_RETRY) under guardrail policy.
aud_REC-0053_4,REC-0053,2026-08-26T17:37:46.851974,EXECUTE_ACTION,RECOVER_AI_ENGINE,EXECUTE_ACTION_PROCESSED,SUCCESS,Processed EXECUTE_ACTION for case REC-0053 (MANDATE_RETRY) under guardrail policy.
aud_REC-0053_5,REC-0053,2026-08-26T17:37:46.851974,VERIFY,RAZORPAY_GATEWAY,VERIFY_PROCESSED,SUCCESS,Processed VERIFY for case REC-0053 (MANDATE_RETRY) under guardrail policy.
aud_REC-0053_6,REC-0053,2026-08-26T17:37:46.851974,STOP_OR_ESCALATE,RECOVER_AI_ENGINE,STOP_OR_ESCALATE_PROCESSED,SUCCESS,Processed STOP_OR_ESCALATE for case REC-0053 (MANDATE_RETRY) under guardrail policy.
aud_REC-0054_0,REC-0054,2026-08-25T07:13:46.851974,DETECT,RAZORPAY_GATEWAY,DETECT_PROCESSED,SUCCESS,Processed DETECT for case REC-0054 (HINGLISH_RECOVERY) under guardrail policy.
aud_REC-0054_1,REC-0054,2026-08-25T07:13:46.851974,DIAGNOSE,RECOVER_AI_ENGINE,DIAGNOSE_PROCESSED,SUCCESS,Processed DIAGNOSE for case REC-0054 (HINGLISH_RECOVERY) under guardrail policy.
aud_REC-0054_2,REC-0054,2026-08-25T07:13:46.851974,DECIDE_PLAYBOOK,RECOVER_AI_ENGINE,DECIDE_PLAYBOOK_PROCESSED,SUCCESS,Processed DECIDE_PLAYBOOK for case REC-0054 (HINGLISH_RECOVERY) under guardrail policy.
aud_REC-0054_3,REC-0054,2026-08-26T16:27:46.851974,CHECK_GUARDRAILS,RECOVER_AI_ENGINE,CHECK_GUARDRAILS_PROCESSED,SUCCESS,Processed CHECK_GUARDRAILS for case REC-0054 (HINGLISH_RECOVERY) under guardrail policy.
aud_REC-0054_4,REC-0054,2026-08-26T16:27:46.851974,EXECUTE_ACTION,RECOVER_AI_ENGINE,EXECUTE_ACTION_PROCESSED,SUCCESS,Processed EXECUTE_ACTION for case REC-0054 (HINGLISH_RECOVERY) under guardrail policy.
aud_REC-0054_5,REC-0054,2026-08-26T16:27:46.851974,VERIFY,RAZORPAY_GATEWAY,VERIFY_PROCESSED,FAILED,Processed VERIFY for case REC-0054 (HINGLISH_RECOVERY) under guardrail policy.
aud_REC-0054_6,REC-0054,2026-08-26T16:27:46.851974,STOP_OR_ESCALATE,RECOVER_AI_ENGINE,STOP_OR_ESCALATE_PROCESSED,FAILED,Processed STOP_OR_ESCALATE for case REC-0054 (HINGLISH_RECOVERY) under guardrail policy.
aud_REC-0055_0,REC-0055,2026-08-25T22:13:46.851974,DETECT,RAZORPAY_GATEWAY,DETECT_PROCESSED,SUCCESS,Processed DETECT for case REC-0055 (PROMISE_TO_PAY) under guardrail policy.
aud_REC-0055_1,REC-0055,2026-08-25T22:13:46.851974,DIAGNOSE,RECOVER_AI_ENGINE,DIAGNOSE_PROCESSED,SUCCESS,Processed DIAGNOSE for case REC-0055 (PROMISE_TO_PAY) under guardrail policy.
aud_REC-0055_2,REC-0055,2026-08-25T22:13:46.851974,DECIDE_PLAYBOOK,RECOVER_AI_ENGINE,DECIDE_PLAYBOOK_PROCESSED,SUCCESS,Processed DECIDE_PLAYBOOK for case REC-0055 (PROMISE_TO_PAY) under guardrail policy.
aud_REC-0055_3,REC-0055,2026-08-26T17:15:46.851974,CHECK_GUARDRAILS,RECOVER_AI_ENGINE,CHECK_GUARDRAILS_PROCESSED,SUCCESS,Processed CHECK_GUARDRAILS for case REC-0055 (PROMISE_TO_PAY) under guardrail policy.
aud_REC-0055_4,REC-0055,2026-08-26T17:15:46.851974,EXECUTE_ACTION,RECOVER_AI_ENGINE,EXECUTE_ACTION_PROCESSED,SUCCESS,Processed EXECUTE_ACTION for case REC-0055 (PROMISE_TO_PAY) under guardrail policy.
aud_REC-0055_5,REC-0055,2026-08-26T17:15:46.851974,VERIFY,RAZORPAY_GATEWAY,VERIFY_PROCESSED,SUCCESS,Processed VERIFY for case REC-0055 (PROMISE_TO_PAY) under guardrail policy.
aud_REC-0055_6,REC-0055,2026-08-26T17:15:46.851974,STOP_OR_ESCALATE,RECOVER_AI_ENGINE,STOP_OR_ESCALATE_PROCESSED,SUCCESS,Processed STOP_OR_ESCALATE for case REC-0055 (PROMISE_TO_PAY) under guardrail policy.
aud_REC-0056_0,REC-0056,2026-08-24T07:13:46.851974,DETECT,RAZORPAY_GATEWAY,DETECT_PROCESSED,SUCCESS,Processed DETECT for case REC-0056 (PAYMENT_DEGRADATION) under guardrail policy.
aud_REC-0056_1,REC-0056,2026-08-24T07:13:46.851974,DIAGNOSE,RECOVER_AI_ENGINE,DIAGNOSE_PROCESSED,SUCCESS,Processed DIAGNOSE for case REC-0056 (PAYMENT_DEGRADATION) under guardrail policy.
aud_REC-0056_2,REC-0056,2026-08-24T07:13:46.851974,DECIDE_PLAYBOOK,RECOVER_AI_ENGINE,DECIDE_PLAYBOOK_PROCESSED,SUCCESS,Processed DECIDE_PLAYBOOK for case REC-0056 (PAYMENT_DEGRADATION) under guardrail policy.
aud_REC-0056_3,REC-0056,2026-08-26T16:13:46.851974,CHECK_GUARDRAILS,RECOVER_AI_ENGINE,CHECK_GUARDRAILS_PROCESSED,SUCCESS,Processed CHECK_GUARDRAILS for case REC-0056 (PAYMENT_DEGRADATION) under guardrail policy.
aud_REC-0056_4,REC-0056,2026-08-26T16:13:46.851974,EXECUTE_ACTION,RECOVER_AI_ENGINE,EXECUTE_ACTION_PROCESSED,SUCCESS,Processed EXECUTE_ACTION for case REC-0056 (PAYMENT_DEGRADATION) under guardrail policy.
aud_REC-0056_5,REC-0056,2026-08-26T16:13:46.851974,VERIFY,RAZORPAY_GATEWAY,VERIFY_PROCESSED,FAILED,Processed VERIFY for case REC-0056 (PAYMENT_DEGRADATION) under guardrail policy.
aud_REC-0056_6,REC-0056,2026-08-26T16:13:46.851974,STOP_OR_ESCALATE,RECOVER_AI_ENGINE,STOP_OR_ESCALATE_PROCESSED,FAILED,Processed STOP_OR_ESCALATE for case REC-0056 (PAYMENT_DEGRADATION) under guardrail policy.
aud_REC-0057_0,REC-0057,2026-08-26T12:13:46.851974,DETECT,RAZORPAY_GATEWAY,DETECT_PROCESSED,SUCCESS,Processed DETECT for case REC-0057 (CHECKOUT_ABANDONMENT) under guardrail policy.
aud_REC-0057_1,REC-0057,2026-08-26T12:13:46.851974,DIAGNOSE,RECOVER_AI_ENGINE,DIAGNOSE_PROCESSED,SUCCESS,Processed DIAGNOSE for case REC-0057 (CHECKOUT_ABANDONMENT) under guardrail policy.
aud_REC-0057_2,REC-0057,2026-08-26T12:13:46.851974,DECIDE_PLAYBOOK,RECOVER_AI_ENGINE,DECIDE_PLAYBOOK_PROCESSED,SUCCESS,Processed DECIDE_PLAYBOOK for case REC-0057 (CHECKOUT_ABANDONMENT) under guardrail policy.
aud_REC-0057_3,REC-0057,2026-08-26T17:32:46.851974,CHECK_GUARDRAILS,RECOVER_AI_ENGINE,CHECK_GUARDRAILS_PROCESSED,SUCCESS,Processed CHECK_GUARDRAILS for case REC-0057 (CHECKOUT_ABANDONMENT) under guardrail policy.
aud_REC-0057_4,REC-0057,2026-08-26T17:32:46.851974,EXECUTE_ACTION,RECOVER_AI_ENGINE,EXECUTE_ACTION_PROCESSED,SUCCESS,Processed EXECUTE_ACTION for case REC-0057 (CHECKOUT_ABANDONMENT) under guardrail policy.
aud_REC-0057_5,REC-0057,2026-08-26T17:32:46.851974,VERIFY,RAZORPAY_GATEWAY,VERIFY_PROCESSED,SUCCESS,Processed VERIFY for case REC-0057 (CHECKOUT_ABANDONMENT) under guardrail policy.
aud_REC-0057_6,REC-0057,2026-08-26T17:32:46.851974,STOP_OR_ESCALATE,RECOVER_AI_ENGINE,STOP_OR_ESCALATE_PROCESSED,SUCCESS,Processed STOP_OR_ESCALATE for case REC-0057 (CHECKOUT_ABANDONMENT) under guardrail policy.
aud_REC-0058_0,REC-0058,2026-08-26T01:13:46.851974,DETECT,RAZORPAY_GATEWAY,DETECT_PROCESSED,SUCCESS,Processed DETECT for case REC-0058 (FAILED_SUBSCRIPTION) under guardrail policy.
aud_REC-0058_1,REC-0058,2026-08-26T01:13:46.851974,DIAGNOSE,RECOVER_AI_ENGINE,DIAGNOSE_PROCESSED,SUCCESS,Processed DIAGNOSE for case REC-0058 (FAILED_SUBSCRIPTION) under guardrail policy.
aud_REC-0058_2,REC-0058,2026-08-26T01:13:46.851974,DECIDE_PLAYBOOK,RECOVER_AI_ENGINE,DECIDE_PLAYBOOK_PROCESSED,SUCCESS,Processed DECIDE_PLAYBOOK for case REC-0058 (FAILED_SUBSCRIPTION) under guardrail policy.
aud_REC-0058_3,REC-0058,2026-08-26T17:08:46.851974,CHECK_GUARDRAILS,RECOVER_AI_ENGINE,CHECK_GUARDRAILS_PROCESSED,SUCCESS,Processed CHECK_GUARDRAILS for case REC-0058 (FAILED_SUBSCRIPTION) under guardrail policy.
aud_REC-0058_4,REC-0058,2026-08-26T17:08:46.851974,EXECUTE_ACTION,RECOVER_AI_ENGINE,EXECUTE_ACTION_PROCESSED,SUCCESS,Processed EXECUTE_ACTION for case REC-0058 (FAILED_SUBSCRIPTION) under guardrail policy.
aud_REC-0058_5,REC-0058,2026-08-26T17:08:46.851974,VERIFY,RAZORPAY_GATEWAY,VERIFY_PROCESSED,SUCCESS,Processed VERIFY for case REC-0058 (FAILED_SUBSCRIPTION) under guardrail policy.
aud_REC-0058_6,REC-0058,2026-08-26T17:08:46.851974,STOP_OR_ESCALATE,RECOVER_AI_ENGINE,STOP_OR_ESCALATE_PROCESSED,SUCCESS,Processed STOP_OR_ESCALATE for case REC-0058 (FAILED_SUBSCRIPTION) under guardrail policy.
aud_REC-0059_0,REC-0059,2026-08-26T05:13:46.851974,DETECT,RAZORPAY_GATEWAY,DETECT_PROCESSED,SUCCESS,Processed DETECT for case REC-0059 (B2B_OVERDUE_RECEIVABLES) under guardrail policy.
aud_REC-0059_1,REC-0059,2026-08-26T05:13:46.851974,DIAGNOSE,RECOVER_AI_ENGINE,DIAGNOSE_PROCESSED,SUCCESS,Processed DIAGNOSE for case REC-0059 (B2B_OVERDUE_RECEIVABLES) under guardrail policy.
aud_REC-0059_2,REC-0059,2026-08-26T05:13:46.851974,DECIDE_PLAYBOOK,RECOVER_AI_ENGINE,DECIDE_PLAYBOOK_PROCESSED,SUCCESS,Processed DECIDE_PLAYBOOK for case REC-0059 (B2B_OVERDUE_RECEIVABLES) under guardrail policy.
aud_REC-0059_3,REC-0059,2026-08-26T17:05:46.851974,CHECK_GUARDRAILS,RECOVER_AI_ENGINE,CHECK_GUARDRAILS_PROCESSED,SUCCESS,Processed CHECK_GUARDRAILS for case REC-0059 (B2B_OVERDUE_RECEIVABLES) under guardrail policy.
aud_REC-0059_4,REC-0059,2026-08-26T17:05:46.851974,EXECUTE_ACTION,RECOVER_AI_ENGINE,EXECUTE_ACTION_PROCESSED,SUCCESS,Processed EXECUTE_ACTION for case REC-0059 (B2B_OVERDUE_RECEIVABLES) under guardrail policy.
aud_REC-0059_5,REC-0059,2026-08-26T17:05:46.851974,VERIFY,RAZORPAY_GATEWAY,VERIFY_PROCESSED,ESCALATED,Processed VERIFY for case REC-0059 (B2B_OVERDUE_RECEIVABLES) under guardrail policy.
aud_REC-0059_6,REC-0059,2026-08-26T17:05:46.851974,STOP_OR_ESCALATE,RECOVER_AI_ENGINE,STOP_OR_ESCALATE_PROCESSED,ESCALATED,Processed STOP_OR_ESCALATE for case REC-0059 (B2B_OVERDUE_RECEIVABLES) under guardrail policy.
aud_REC-0060_0,REC-0060,2026-08-25T22:13:46.851974,DETECT,RAZORPAY_GATEWAY,DETECT_PROCESSED,SUCCESS,Processed DETECT for case REC-0060 (MANDATE_RETRY) under guardrail policy.
aud_REC-0060_1,REC-0060,2026-08-25T22:13:46.851974,DIAGNOSE,RECOVER_AI_ENGINE,DIAGNOSE_PROCESSED,SUCCESS,Processed DIAGNOSE for case REC-0060 (MANDATE_RETRY) under guardrail policy.
aud_REC-0060_2,REC-0060,2026-08-25T22:13:46.851974,DECIDE_PLAYBOOK,RECOVER_AI_ENGINE,DECIDE_PLAYBOOK_PROCESSED,SUCCESS,Processed DECIDE_PLAYBOOK for case REC-0060 (MANDATE_RETRY) under guardrail policy.
aud_REC-0060_3,REC-0060,2026-08-26T18:03:46.851974,CHECK_GUARDRAILS,RECOVER_AI_ENGINE,CHECK_GUARDRAILS_PROCESSED,SUCCESS,Processed CHECK_GUARDRAILS for case REC-0060 (MANDATE_RETRY) under guardrail policy.
aud_REC-0060_4,REC-0060,2026-08-26T18:03:46.851974,EXECUTE_ACTION,RECOVER_AI_ENGINE,EXECUTE_ACTION_PROCESSED,SUCCESS,Processed EXECUTE_ACTION for case REC-0060 (MANDATE_RETRY) under guardrail policy.
aud_REC-0060_5,REC-0060,2026-08-26T18:03:46.851974,VERIFY,RAZORPAY_GATEWAY,VERIFY_PROCESSED,ESCALATED,Processed VERIFY for case REC-0060 (MANDATE_RETRY) under guardrail policy.
aud_REC-0060_6,REC-0060,2026-08-26T18:03:46.851974,STOP_OR_ESCALATE,RECOVER_AI_ENGINE,STOP_OR_ESCALATE_PROCESSED,ESCALATED,Processed STOP_OR_ESCALATE for case REC-0060 (MANDATE_RETRY) under guardrail policy.
aud_REC-0061_0,REC-0061,2026-08-24T23:13:46.851974,DETECT,RAZORPAY_GATEWAY,DETECT_PROCESSED,SUCCESS,Processed DETECT for case REC-0061 (HINGLISH_RECOVERY) under guardrail policy.
aud_REC-0061_1,REC-0061,2026-08-24T23:13:46.851974,DIAGNOSE,RECOVER_AI_ENGINE,DIAGNOSE_PROCESSED,SUCCESS,Processed DIAGNOSE for case REC-0061 (HINGLISH_RECOVERY) under guardrail policy.
aud_REC-0061_2,REC-0061,2026-08-24T23:13:46.851974,DECIDE_PLAYBOOK,RECOVER_AI_ENGINE,DECIDE_PLAYBOOK_PROCESSED,SUCCESS,Processed DECIDE_PLAYBOOK for case REC-0061 (HINGLISH_RECOVERY) under guardrail policy.
aud_REC-0061_3,REC-0061,2026-08-26T16:23:46.851974,CHECK_GUARDRAILS,RECOVER_AI_ENGINE,CHECK_GUARDRAILS_PROCESSED,SUCCESS,Processed CHECK_GUARDRAILS for case REC-0061 (HINGLISH_RECOVERY) under guardrail policy.
aud_REC-0061_4,REC-0061,2026-08-26T16:23:46.851974,EXECUTE_ACTION,RECOVER_AI_ENGINE,EXECUTE_ACTION_PROCESSED,SUCCESS,Processed EXECUTE_ACTION for case REC-0061 (HINGLISH_RECOVERY) under guardrail policy.
aud_REC-0061_5,REC-0061,2026-08-26T16:23:46.851974,VERIFY,RAZORPAY_GATEWAY,VERIFY_PROCESSED,FAILED,Processed VERIFY for case REC-0061 (HINGLISH_RECOVERY) under guardrail policy.
aud_REC-0061_6,REC-0061,2026-08-26T16:23:46.851974,STOP_OR_ESCALATE,RECOVER_AI_ENGINE,STOP_OR_ESCALATE_PROCESSED,FAILED,Processed STOP_OR_ESCALATE for case REC-0061 (HINGLISH_RECOVERY) under guardrail policy.
aud_REC-0062_0,REC-0062,2026-08-26T09:13:46.851974,DETECT,RAZORPAY_GATEWAY,DETECT_PROCESSED,SUCCESS,Processed DETECT for case REC-0062 (PROMISE_TO_PAY) under guardrail policy.
aud_REC-0062_1,REC-0062,2026-08-26T09:13:46.851974,DIAGNOSE,RECOVER_AI_ENGINE,DIAGNOSE_PROCESSED,SUCCESS,Processed DIAGNOSE for case REC-0062 (PROMISE_TO_PAY) under guardrail policy.
aud_REC-0062_2,REC-0062,2026-08-26T09:13:46.851974,DECIDE_PLAYBOOK,RECOVER_AI_ENGINE,DECIDE_PLAYBOOK_PROCESSED,SUCCESS,Processed DECIDE_PLAYBOOK for case REC-0062 (PROMISE_TO_PAY) under guardrail policy.
aud_REC-0062_3,REC-0062,2026-08-26T17:42:46.851974,CHECK_GUARDRAILS,RECOVER_AI_ENGINE,CHECK_GUARDRAILS_PROCESSED,SUCCESS,Processed CHECK_GUARDRAILS for case REC-0062 (PROMISE_TO_PAY) under guardrail policy.
aud_REC-0062_4,REC-0062,2026-08-26T17:42:46.851974,EXECUTE_ACTION,RECOVER_AI_ENGINE,EXECUTE_ACTION_PROCESSED,SUCCESS,Processed EXECUTE_ACTION for case REC-0062 (PROMISE_TO_PAY) under guardrail policy.
aud_REC-0062_5,REC-0062,2026-08-26T17:42:46.851974,VERIFY,RAZORPAY_GATEWAY,VERIFY_PROCESSED,FAILED,Processed VERIFY for case REC-0062 (PROMISE_TO_PAY) under guardrail policy.
aud_REC-0062_6,REC-0062,2026-08-26T17:42:46.851974,STOP_OR_ESCALATE,RECOVER_AI_ENGINE,STOP_OR_ESCALATE_PROCESSED,FAILED,Processed STOP_OR_ESCALATE for case REC-0062 (PROMISE_TO_PAY) under guardrail policy.
aud_REC-0063_0,REC-0063,2026-08-26T05:13:46.851974,DETECT,RAZORPAY_GATEWAY,DETECT_PROCESSED,SUCCESS,Processed DETECT for case REC-0063 (PAYMENT_DEGRADATION) under guardrail policy.
aud_REC-0063_1,REC-0063,2026-08-26T05:13:46.851974,DIAGNOSE,RECOVER_AI_ENGINE,DIAGNOSE_PROCESSED,SUCCESS,Processed DIAGNOSE for case REC-0063 (PAYMENT_DEGRADATION) under guardrail policy.
aud_REC-0063_2,REC-0063,2026-08-26T05:13:46.851974,DECIDE_PLAYBOOK,RECOVER_AI_ENGINE,DECIDE_PLAYBOOK_PROCESSED,SUCCESS,Processed DECIDE_PLAYBOOK for case REC-0063 (PAYMENT_DEGRADATION) under guardrail policy.
aud_REC-0063_3,REC-0063,2026-08-26T17:16:46.851974,CHECK_GUARDRAILS,RECOVER_AI_ENGINE,CHECK_GUARDRAILS_PROCESSED,SUCCESS,Processed CHECK_GUARDRAILS for case REC-0063 (PAYMENT_DEGRADATION) under guardrail policy.
aud_REC-0063_4,REC-0063,2026-08-26T17:16:46.851974,EXECUTE_ACTION,RECOVER_AI_ENGINE,EXECUTE_ACTION_PROCESSED,SUCCESS,Processed EXECUTE_ACTION for case REC-0063 (PAYMENT_DEGRADATION) under guardrail policy.
aud_REC-0063_5,REC-0063,2026-08-26T17:16:46.851974,VERIFY,RAZORPAY_GATEWAY,VERIFY_PROCESSED,FAILED,Processed VERIFY for case REC-0063 (PAYMENT_DEGRADATION) under guardrail policy.
aud_REC-0063_6,REC-0063,2026-08-26T17:16:46.851974,STOP_OR_ESCALATE,RECOVER_AI_ENGINE,STOP_OR_ESCALATE_PROCESSED,FAILED,Processed STOP_OR_ESCALATE for case REC-0063 (PAYMENT_DEGRADATION) under guardrail policy.
aud_REC-0064_0,REC-0064,2026-08-24T18:13:46.851974,DETECT,RAZORPAY_GATEWAY,DETECT_PROCESSED,SUCCESS,Processed DETECT for case REC-0064 (CHECKOUT_ABANDONMENT) under guardrail policy.
aud_REC-0064_1,REC-0064,2026-08-24T18:13:46.851974,DIAGNOSE,RECOVER_AI_ENGINE,DIAGNOSE_PROCESSED,SUCCESS,Processed DIAGNOSE for case REC-0064 (CHECKOUT_ABANDONMENT) under guardrail policy.
aud_REC-0064_2,REC-0064,2026-08-24T18:13:46.851974,DECIDE_PLAYBOOK,RECOVER_AI_ENGINE,DECIDE_PLAYBOOK_PROCESSED,SUCCESS,Processed DECIDE_PLAYBOOK for case REC-0064 (CHECKOUT_ABANDONMENT) under guardrail policy.
aud_REC-0064_3,REC-0064,2026-08-26T17:17:46.851974,CHECK_GUARDRAILS,RECOVER_AI_ENGINE,CHECK_GUARDRAILS_PROCESSED,SUCCESS,Processed CHECK_GUARDRAILS for case REC-0064 (CHECKOUT_ABANDONMENT) under guardrail policy.
aud_REC-0064_4,REC-0064,2026-08-26T17:17:46.851974,EXECUTE_ACTION,RECOVER_AI_ENGINE,EXECUTE_ACTION_PROCESSED,SUCCESS,Processed EXECUTE_ACTION for case REC-0064 (CHECKOUT_ABANDONMENT) under guardrail policy.
aud_REC-0064_5,REC-0064,2026-08-26T17:17:46.851974,VERIFY,RAZORPAY_GATEWAY,VERIFY_PROCESSED,SUCCESS,Processed VERIFY for case REC-0064 (CHECKOUT_ABANDONMENT) under guardrail policy.
aud_REC-0064_6,REC-0064,2026-08-26T17:17:46.851974,STOP_OR_ESCALATE,RECOVER_AI_ENGINE,STOP_OR_ESCALATE_PROCESSED,SUCCESS,Processed STOP_OR_ESCALATE for case REC-0064 (CHECKOUT_ABANDONMENT) under guardrail policy.
aud_REC-0065_0,REC-0065,2026-08-26T07:13:46.851974,DETECT,RAZORPAY_GATEWAY,DETECT_PROCESSED,SUCCESS,Processed DETECT for case REC-0065 (FAILED_SUBSCRIPTION) under guardrail policy.
aud_REC-0065_1,REC-0065,2026-08-26T07:13:46.851974,DIAGNOSE,RECOVER_AI_ENGINE,DIAGNOSE_PROCESSED,SUCCESS,Processed DIAGNOSE for case REC-0065 (FAILED_SUBSCRIPTION) under guardrail policy.
aud_REC-0065_2,REC-0065,2026-08-26T07:13:46.851974,DECIDE_PLAYBOOK,RECOVER_AI_ENGINE,DECIDE_PLAYBOOK_PROCESSED,SUCCESS,Processed DECIDE_PLAYBOOK for case REC-0065 (FAILED_SUBSCRIPTION) under guardrail policy.
aud_REC-0065_3,REC-0065,2026-08-26T16:54:46.851974,CHECK_GUARDRAILS,RECOVER_AI_ENGINE,CHECK_GUARDRAILS_PROCESSED,SUCCESS,Processed CHECK_GUARDRAILS for case REC-0065 (FAILED_SUBSCRIPTION) under guardrail policy.
aud_REC-0065_4,REC-0065,2026-08-26T16:54:46.851974,EXECUTE_ACTION,RECOVER_AI_ENGINE,EXECUTE_ACTION_PROCESSED,SUCCESS,Processed EXECUTE_ACTION for case REC-0065 (FAILED_SUBSCRIPTION) under guardrail policy.
aud_REC-0065_5,REC-0065,2026-08-26T16:54:46.851974,VERIFY,RAZORPAY_GATEWAY,VERIFY_PROCESSED,SUCCESS,Processed VERIFY for case REC-0065 (FAILED_SUBSCRIPTION) under guardrail policy.
aud_REC-0065_6,REC-0065,2026-08-26T16:54:46.851974,STOP_OR_ESCALATE,RECOVER_AI_ENGINE,STOP_OR_ESCALATE_PROCESSED,SUCCESS,Processed STOP_OR_ESCALATE for case REC-0065 (FAILED_SUBSCRIPTION) under guardrail policy.
aud_REC-0066_0,REC-0066,2026-08-25T12:13:46.851974,DETECT,RAZORPAY_GATEWAY,DETECT_PROCESSED,SUCCESS,Processed DETECT for case REC-0066 (B2B_OVERDUE_RECEIVABLES) under guardrail policy.
aud_REC-0066_1,REC-0066,2026-08-25T12:13:46.851974,DIAGNOSE,RECOVER_AI_ENGINE,DIAGNOSE_PROCESSED,SUCCESS,Processed DIAGNOSE for case REC-0066 (B2B_OVERDUE_RECEIVABLES) under guardrail policy.
aud_REC-0066_2,REC-0066,2026-08-25T12:13:46.851974,DECIDE_PLAYBOOK,RECOVER_AI_ENGINE,DECIDE_PLAYBOOK_PROCESSED,SUCCESS,Processed DECIDE_PLAYBOOK for case REC-0066 (B2B_OVERDUE_RECEIVABLES) under guardrail policy.
aud_REC-0066_3,REC-0066,2026-08-26T17:13:46.851974,CHECK_GUARDRAILS,RECOVER_AI_ENGINE,CHECK_GUARDRAILS_PROCESSED,SUCCESS,Processed CHECK_GUARDRAILS for case REC-0066 (B2B_OVERDUE_RECEIVABLES) under guardrail policy.
aud_REC-0066_4,REC-0066,2026-08-26T17:13:46.851974,EXECUTE_ACTION,RECOVER_AI_ENGINE,EXECUTE_ACTION_PROCESSED,SUCCESS,Processed EXECUTE_ACTION for case REC-0066 (B2B_OVERDUE_RECEIVABLES) under guardrail policy.
aud_REC-0066_5,REC-0066,2026-08-26T17:13:46.851974,VERIFY,RAZORPAY_GATEWAY,VERIFY_PROCESSED,FAILED,Processed VERIFY for case REC-0066 (B2B_OVERDUE_RECEIVABLES) under guardrail policy.
aud_REC-0066_6,REC-0066,2026-08-26T17:13:46.851974,STOP_OR_ESCALATE,RECOVER_AI_ENGINE,STOP_OR_ESCALATE_PROCESSED,FAILED,Processed STOP_OR_ESCALATE for case REC-0066 (B2B_OVERDUE_RECEIVABLES) under guardrail policy.
aud_REC-0067_0,REC-0067,2026-08-23T20:13:46.851974,DETECT,RAZORPAY_GATEWAY,DETECT_PROCESSED,SUCCESS,Processed DETECT for case REC-0067 (MANDATE_RETRY) under guardrail policy.
aud_REC-0067_1,REC-0067,2026-08-23T20:13:46.851974,DIAGNOSE,RECOVER_AI_ENGINE,DIAGNOSE_PROCESSED,SUCCESS,Processed DIAGNOSE for case REC-0067 (MANDATE_RETRY) under guardrail policy.
aud_REC-0067_2,REC-0067,2026-08-23T20:13:46.851974,DECIDE_PLAYBOOK,RECOVER_AI_ENGINE,DECIDE_PLAYBOOK_PROCESSED,SUCCESS,Processed DECIDE_PLAYBOOK for case REC-0067 (MANDATE_RETRY) under guardrail policy.
aud_REC-0067_3,REC-0067,2026-08-26T17:52:46.851974,CHECK_GUARDRAILS,RECOVER_AI_ENGINE,CHECK_GUARDRAILS_PROCESSED,SUCCESS,Processed CHECK_GUARDRAILS for case REC-0067 (MANDATE_RETRY) under guardrail policy.
aud_REC-0067_4,REC-0067,2026-08-26T17:52:46.851974,EXECUTE_ACTION,RECOVER_AI_ENGINE,EXECUTE_ACTION_PROCESSED,SUCCESS,Processed EXECUTE_ACTION for case REC-0067 (MANDATE_RETRY) under guardrail policy.
aud_REC-0067_5,REC-0067,2026-08-26T17:52:46.851974,VERIFY,RAZORPAY_GATEWAY,VERIFY_PROCESSED,SUCCESS,Processed VERIFY for case REC-0067 (MANDATE_RETRY) under guardrail policy.
aud_REC-0067_6,REC-0067,2026-08-26T17:52:46.851974,STOP_OR_ESCALATE,RECOVER_AI_ENGINE,STOP_OR_ESCALATE_PROCESSED,SUCCESS,Processed STOP_OR_ESCALATE for case REC-0067 (MANDATE_RETRY) under guardrail policy.
aud_REC-0068_0,REC-0068,2026-08-24T11:13:46.851974,DETECT,RAZORPAY_GATEWAY,DETECT_PROCESSED,SUCCESS,Processed DETECT for case REC-0068 (HINGLISH_RECOVERY) under guardrail policy.
aud_REC-0068_1,REC-0068,2026-08-24T11:13:46.851974,DIAGNOSE,RECOVER_AI_ENGINE,DIAGNOSE_PROCESSED,SUCCESS,Processed DIAGNOSE for case REC-0068 (HINGLISH_RECOVERY) under guardrail policy.
aud_REC-0068_2,REC-0068,2026-08-24T11:13:46.851974,DECIDE_PLAYBOOK,RECOVER_AI_ENGINE,DECIDE_PLAYBOOK_PROCESSED,SUCCESS,Processed DECIDE_PLAYBOOK for case REC-0068 (HINGLISH_RECOVERY) under guardrail policy.
aud_REC-0068_3,REC-0068,2026-08-26T16:44:46.851974,CHECK_GUARDRAILS,RECOVER_AI_ENGINE,CHECK_GUARDRAILS_PROCESSED,SUCCESS,Processed CHECK_GUARDRAILS for case REC-0068 (HINGLISH_RECOVERY) under guardrail policy.
aud_REC-0068_4,REC-0068,2026-08-26T16:44:46.851974,EXECUTE_ACTION,RECOVER_AI_ENGINE,EXECUTE_ACTION_PROCESSED,SUCCESS,Processed EXECUTE_ACTION for case REC-0068 (HINGLISH_RECOVERY) under guardrail policy.
aud_REC-0068_5,REC-0068,2026-08-26T16:44:46.851974,VERIFY,RAZORPAY_GATEWAY,VERIFY_PROCESSED,FAILED,Processed VERIFY for case REC-0068 (HINGLISH_RECOVERY) under guardrail policy.
aud_REC-0068_6,REC-0068,2026-08-26T16:44:46.851974,STOP_OR_ESCALATE,RECOVER_AI_ENGINE,STOP_OR_ESCALATE_PROCESSED,FAILED,Processed STOP_OR_ESCALATE for case REC-0068 (HINGLISH_RECOVERY) under guardrail policy.
aud_REC-0069_0,REC-0069,2026-08-25T11:13:46.851974,DETECT,RAZORPAY_GATEWAY,DETECT_PROCESSED,SUCCESS,Processed DETECT for case REC-0069 (PROMISE_TO_PAY) under guardrail policy.
aud_REC-0069_1,REC-0069,2026-08-25T11:13:46.851974,DIAGNOSE,RECOVER_AI_ENGINE,DIAGNOSE_PROCESSED,SUCCESS,Processed DIAGNOSE for case REC-0069 (PROMISE_TO_PAY) under guardrail policy.
aud_REC-0069_2,REC-0069,2026-08-25T11:13:46.851974,DECIDE_PLAYBOOK,RECOVER_AI_ENGINE,DECIDE_PLAYBOOK_PROCESSED,SUCCESS,Processed DECIDE_PLAYBOOK for case REC-0069 (PROMISE_TO_PAY) under guardrail policy.
aud_REC-0069_3,REC-0069,2026-08-26T17:24:46.851974,CHECK_GUARDRAILS,RECOVER_AI_ENGINE,CHECK_GUARDRAILS_PROCESSED,SUCCESS,Processed CHECK_GUARDRAILS for case REC-0069 (PROMISE_TO_PAY) under guardrail policy.
aud_REC-0069_4,REC-0069,2026-08-26T17:24:46.851974,EXECUTE_ACTION,RECOVER_AI_ENGINE,EXECUTE_ACTION_PROCESSED,SUCCESS,Processed EXECUTE_ACTION for case REC-0069 (PROMISE_TO_PAY) under guardrail policy.
aud_REC-0069_5,REC-0069,2026-08-26T17:24:46.851974,VERIFY,RAZORPAY_GATEWAY,VERIFY_PROCESSED,SUCCESS,Processed VERIFY for case REC-0069 (PROMISE_TO_PAY) under guardrail policy.
aud_REC-0069_6,REC-0069,2026-08-26T17:24:46.851974,STOP_OR_ESCALATE,RECOVER_AI_ENGINE,STOP_OR_ESCALATE_PROCESSED,SUCCESS,Processed STOP_OR_ESCALATE for case REC-0069 (PROMISE_TO_PAY) under guardrail policy.
aud_REC-0070_0,REC-0070,2026-08-26T11:13:46.851974,DETECT,RAZORPAY_GATEWAY,DETECT_PROCESSED,SUCCESS,Processed DETECT for case REC-0070 (PAYMENT_DEGRADATION) under guardrail policy.
aud_REC-0070_1,REC-0070,2026-08-26T11:13:46.851974,DIAGNOSE,RECOVER_AI_ENGINE,DIAGNOSE_PROCESSED,SUCCESS,Processed DIAGNOSE for case REC-0070 (PAYMENT_DEGRADATION) under guardrail policy.
aud_REC-0070_2,REC-0070,2026-08-26T11:13:46.851974,DECIDE_PLAYBOOK,RECOVER_AI_ENGINE,DECIDE_PLAYBOOK_PROCESSED,SUCCESS,Processed DECIDE_PLAYBOOK for case REC-0070 (PAYMENT_DEGRADATION) under guardrail policy.
aud_REC-0070_3,REC-0070,2026-08-26T16:16:46.851974,CHECK_GUARDRAILS,RECOVER_AI_ENGINE,CHECK_GUARDRAILS_PROCESSED,SUCCESS,Processed CHECK_GUARDRAILS for case REC-0070 (PAYMENT_DEGRADATION) under guardrail policy.
aud_REC-0070_4,REC-0070,2026-08-26T16:16:46.851974,EXECUTE_ACTION,RECOVER_AI_ENGINE,EXECUTE_ACTION_PROCESSED,SUCCESS,Processed EXECUTE_ACTION for case REC-0070 (PAYMENT_DEGRADATION) under guardrail policy.
aud_REC-0070_5,REC-0070,2026-08-26T16:16:46.851974,VERIFY,RAZORPAY_GATEWAY,VERIFY_PROCESSED,SUCCESS,Processed VERIFY for case REC-0070 (PAYMENT_DEGRADATION) under guardrail policy.
aud_REC-0070_6,REC-0070,2026-08-26T16:16:46.851974,STOP_OR_ESCALATE,RECOVER_AI_ENGINE,STOP_OR_ESCALATE_PROCESSED,SUCCESS,Processed STOP_OR_ESCALATE for case REC-0070 (PAYMENT_DEGRADATION) under guardrail policy.
aud_REC-0071_0,REC-0071,2026-08-24T20:13:46.851974,DETECT,RAZORPAY_GATEWAY,DETECT_PROCESSED,SUCCESS,Processed DETECT for case REC-0071 (CHECKOUT_ABANDONMENT) under guardrail policy.
aud_REC-0071_1,REC-0071,2026-08-24T20:13:46.851974,DIAGNOSE,RECOVER_AI_ENGINE,DIAGNOSE_PROCESSED,SUCCESS,Processed DIAGNOSE for case REC-0071 (CHECKOUT_ABANDONMENT) under guardrail policy.
aud_REC-0071_2,REC-0071,2026-08-24T20:13:46.851974,DECIDE_PLAYBOOK,RECOVER_AI_ENGINE,DECIDE_PLAYBOOK_PROCESSED,SUCCESS,Processed DECIDE_PLAYBOOK for case REC-0071 (CHECKOUT_ABANDONMENT) under guardrail policy.
aud_REC-0071_3,REC-0071,2026-08-26T17:44:46.851974,CHECK_GUARDRAILS,RECOVER_AI_ENGINE,CHECK_GUARDRAILS_PROCESSED,SUCCESS,Processed CHECK_GUARDRAILS for case REC-0071 (CHECKOUT_ABANDONMENT) under guardrail policy.
aud_REC-0071_4,REC-0071,2026-08-26T17:44:46.851974,EXECUTE_ACTION,RECOVER_AI_ENGINE,EXECUTE_ACTION_PROCESSED,SUCCESS,Processed EXECUTE_ACTION for case REC-0071 (CHECKOUT_ABANDONMENT) under guardrail policy.
aud_REC-0071_5,REC-0071,2026-08-26T17:44:46.851974,VERIFY,RAZORPAY_GATEWAY,VERIFY_PROCESSED,ESCALATED,Processed VERIFY for case REC-0071 (CHECKOUT_ABANDONMENT) under guardrail policy.
aud_REC-0071_6,REC-0071,2026-08-26T17:44:46.851974,STOP_OR_ESCALATE,RECOVER_AI_ENGINE,STOP_OR_ESCALATE_PROCESSED,ESCALATED,Processed STOP_OR_ESCALATE for case REC-0071 (CHECKOUT_ABANDONMENT) under guardrail policy.
aud_REC-0072_0,REC-0072,2026-08-26T12:13:46.851974,DETECT,RAZORPAY_GATEWAY,DETECT_PROCESSED,SUCCESS,Processed DETECT for case REC-0072 (FAILED_SUBSCRIPTION) under guardrail policy.
aud_REC-0072_1,REC-0072,2026-08-26T12:13:46.851974,DIAGNOSE,RECOVER_AI_ENGINE,DIAGNOSE_PROCESSED,SUCCESS,Processed DIAGNOSE for case REC-0072 (FAILED_SUBSCRIPTION) under guardrail policy.
aud_REC-0072_2,REC-0072,2026-08-26T12:13:46.851974,DECIDE_PLAYBOOK,RECOVER_AI_ENGINE,DECIDE_PLAYBOOK_PROCESSED,SUCCESS,Processed DECIDE_PLAYBOOK for case REC-0072 (FAILED_SUBSCRIPTION) under guardrail policy.
aud_REC-0072_3,REC-0072,2026-08-26T17:33:46.851974,CHECK_GUARDRAILS,RECOVER_AI_ENGINE,CHECK_GUARDRAILS_PROCESSED,SUCCESS,Processed CHECK_GUARDRAILS for case REC-0072 (FAILED_SUBSCRIPTION) under guardrail policy.
aud_REC-0072_4,REC-0072,2026-08-26T17:33:46.851974,EXECUTE_ACTION,RECOVER_AI_ENGINE,EXECUTE_ACTION_PROCESSED,SUCCESS,Processed EXECUTE_ACTION for case REC-0072 (FAILED_SUBSCRIPTION) under guardrail policy.
aud_REC-0072_5,REC-0072,2026-08-26T17:33:46.851974,VERIFY,RAZORPAY_GATEWAY,VERIFY_PROCESSED,SUCCESS,Processed VERIFY for case REC-0072 (FAILED_SUBSCRIPTION) under guardrail policy.
aud_REC-0072_6,REC-0072,2026-08-26T17:33:46.851974,STOP_OR_ESCALATE,RECOVER_AI_ENGINE,STOP_OR_ESCALATE_PROCESSED,SUCCESS,Processed STOP_OR_ESCALATE for case REC-0072 (FAILED_SUBSCRIPTION) under guardrail policy.
aud_REC-0073_0,REC-0073,2026-08-25T04:13:46.851974,DETECT,RAZORPAY_GATEWAY,DETECT_PROCESSED,SUCCESS,Processed DETECT for case REC-0073 (B2B_OVERDUE_RECEIVABLES) under guardrail policy.
aud_REC-0073_1,REC-0073,2026-08-25T04:13:46.851974,DIAGNOSE,RECOVER_AI_ENGINE,DIAGNOSE_PROCESSED,SUCCESS,Processed DIAGNOSE for case REC-0073 (B2B_OVERDUE_RECEIVABLES) under guardrail policy.
aud_REC-0073_2,REC-0073,2026-08-25T04:13:46.851974,DECIDE_PLAYBOOK,RECOVER_AI_ENGINE,DECIDE_PLAYBOOK_PROCESSED,SUCCESS,Processed DECIDE_PLAYBOOK for case REC-0073 (B2B_OVERDUE_RECEIVABLES) under guardrail policy.
aud_REC-0073_3,REC-0073,2026-08-26T17:31:46.851974,CHECK_GUARDRAILS,RECOVER_AI_ENGINE,CHECK_GUARDRAILS_PROCESSED,SUCCESS,Processed CHECK_GUARDRAILS for case REC-0073 (B2B_OVERDUE_RECEIVABLES) under guardrail policy.
aud_REC-0073_4,REC-0073,2026-08-26T17:31:46.851974,EXECUTE_ACTION,RECOVER_AI_ENGINE,EXECUTE_ACTION_PROCESSED,SUCCESS,Processed EXECUTE_ACTION for case REC-0073 (B2B_OVERDUE_RECEIVABLES) under guardrail policy.
aud_REC-0073_5,REC-0073,2026-08-26T17:31:46.851974,VERIFY,RAZORPAY_GATEWAY,VERIFY_PROCESSED,FAILED,Processed VERIFY for case REC-0073 (B2B_OVERDUE_RECEIVABLES) under guardrail policy.
aud_REC-0073_6,REC-0073,2026-08-26T17:31:46.851974,STOP_OR_ESCALATE,RECOVER_AI_ENGINE,STOP_OR_ESCALATE_PROCESSED,FAILED,Processed STOP_OR_ESCALATE for case REC-0073 (B2B_OVERDUE_RECEIVABLES) under guardrail policy.
aud_REC-0074_0,REC-0074,2026-08-25T20:13:46.851974,DETECT,RAZORPAY_GATEWAY,DETECT_PROCESSED,SUCCESS,Processed DETECT for case REC-0074 (MANDATE_RETRY) under guardrail policy.
aud_REC-0074_1,REC-0074,2026-08-25T20:13:46.851974,DIAGNOSE,RECOVER_AI_ENGINE,DIAGNOSE_PROCESSED,SUCCESS,Processed DIAGNOSE for case REC-0074 (MANDATE_RETRY) under guardrail policy.
aud_REC-0074_2,REC-0074,2026-08-25T20:13:46.851974,DECIDE_PLAYBOOK,RECOVER_AI_ENGINE,DECIDE_PLAYBOOK_PROCESSED,SUCCESS,Processed DECIDE_PLAYBOOK for case REC-0074 (MANDATE_RETRY) under guardrail policy.
aud_REC-0074_3,REC-0074,2026-08-26T17:40:46.851974,CHECK_GUARDRAILS,RECOVER_AI_ENGINE,CHECK_GUARDRAILS_PROCESSED,SUCCESS,Processed CHECK_GUARDRAILS for case REC-0074 (MANDATE_RETRY) under guardrail policy.
aud_REC-0074_4,REC-0074,2026-08-26T17:40:46.851974,EXECUTE_ACTION,RECOVER_AI_ENGINE,EXECUTE_ACTION_PROCESSED,SUCCESS,Processed EXECUTE_ACTION for case REC-0074 (MANDATE_RETRY) under guardrail policy.
aud_REC-0074_5,REC-0074,2026-08-26T17:40:46.851974,VERIFY,RAZORPAY_GATEWAY,VERIFY_PROCESSED,SUCCESS,Processed VERIFY for case REC-0074 (MANDATE_RETRY) under guardrail policy.
aud_REC-0074_6,REC-0074,2026-08-26T17:40:46.851974,STOP_OR_ESCALATE,RECOVER_AI_ENGINE,STOP_OR_ESCALATE_PROCESSED,SUCCESS,Processed STOP_OR_ESCALATE for case REC-0074 (MANDATE_RETRY) under guardrail policy.
aud_REC-0075_0,REC-0075,2026-08-26T03:13:46.851974,DETECT,RAZORPAY_GATEWAY,DETECT_PROCESSED,SUCCESS,Processed DETECT for case REC-0075 (HINGLISH_RECOVERY) under guardrail policy.
aud_REC-0075_1,REC-0075,2026-08-26T03:13:46.851974,DIAGNOSE,RECOVER_AI_ENGINE,DIAGNOSE_PROCESSED,SUCCESS,Processed DIAGNOSE for case REC-0075 (HINGLISH_RECOVERY) under guardrail policy.
aud_REC-0075_2,REC-0075,2026-08-26T03:13:46.851974,DECIDE_PLAYBOOK,RECOVER_AI_ENGINE,DECIDE_PLAYBOOK_PROCESSED,SUCCESS,Processed DECIDE_PLAYBOOK for case REC-0075 (HINGLISH_RECOVERY) under guardrail policy.
aud_REC-0075_3,REC-0075,2026-08-26T17:13:46.851974,CHECK_GUARDRAILS,RECOVER_AI_ENGINE,CHECK_GUARDRAILS_PROCESSED,SUCCESS,Processed CHECK_GUARDRAILS for case REC-0075 (HINGLISH_RECOVERY) under guardrail policy.
aud_REC-0075_4,REC-0075,2026-08-26T17:13:46.851974,EXECUTE_ACTION,RECOVER_AI_ENGINE,EXECUTE_ACTION_PROCESSED,SUCCESS,Processed EXECUTE_ACTION for case REC-0075 (HINGLISH_RECOVERY) under guardrail policy.
aud_REC-0075_5,REC-0075,2026-08-26T17:13:46.851974,VERIFY,RAZORPAY_GATEWAY,VERIFY_PROCESSED,ESCALATED,Processed VERIFY for case REC-0075 (HINGLISH_RECOVERY) under guardrail policy.
aud_REC-0075_6,REC-0075,2026-08-26T17:13:46.851974,STOP_OR_ESCALATE,RECOVER_AI_ENGINE,STOP_OR_ESCALATE_PROCESSED,ESCALATED,Processed STOP_OR_ESCALATE for case REC-0075 (HINGLISH_RECOVERY) under guardrail policy.
aud_REC-0076_0,REC-0076,2026-08-24T15:13:46.851974,DETECT,RAZORPAY_GATEWAY,DETECT_PROCESSED,SUCCESS,Processed DETECT for case REC-0076 (PROMISE_TO_PAY) under guardrail policy.
aud_REC-0076_1,REC-0076,2026-08-24T15:13:46.851974,DIAGNOSE,RECOVER_AI_ENGINE,DIAGNOSE_PROCESSED,SUCCESS,Processed DIAGNOSE for case REC-0076 (PROMISE_TO_PAY) under guardrail policy.
aud_REC-0076_2,REC-0076,2026-08-24T15:13:46.851974,DECIDE_PLAYBOOK,RECOVER_AI_ENGINE,DECIDE_PLAYBOOK_PROCESSED,SUCCESS,Processed DECIDE_PLAYBOOK for case REC-0076 (PROMISE_TO_PAY) under guardrail policy.
aud_REC-0076_3,REC-0076,2026-08-26T16:24:46.851974,CHECK_GUARDRAILS,RECOVER_AI_ENGINE,CHECK_GUARDRAILS_PROCESSED,SUCCESS,Processed CHECK_GUARDRAILS for case REC-0076 (PROMISE_TO_PAY) under guardrail policy.
aud_REC-0076_4,REC-0076,2026-08-26T16:24:46.851974,EXECUTE_ACTION,RECOVER_AI_ENGINE,EXECUTE_ACTION_PROCESSED,SUCCESS,Processed EXECUTE_ACTION for case REC-0076 (PROMISE_TO_PAY) under guardrail policy.
aud_REC-0076_5,REC-0076,2026-08-26T16:24:46.851974,VERIFY,RAZORPAY_GATEWAY,VERIFY_PROCESSED,ESCALATED,Processed VERIFY for case REC-0076 (PROMISE_TO_PAY) under guardrail policy.
aud_REC-0076_6,REC-0076,2026-08-26T16:24:46.851974,STOP_OR_ESCALATE,RECOVER_AI_ENGINE,STOP_OR_ESCALATE_PROCESSED,ESCALATED,Processed STOP_OR_ESCALATE for case REC-0076 (PROMISE_TO_PAY) under guardrail policy.
aud_REC-0077_0,REC-0077,2026-08-24T18:13:46.851974,DETECT,RAZORPAY_GATEWAY,DETECT_PROCESSED,SUCCESS,Processed DETECT for case REC-0077 (PAYMENT_DEGRADATION) under guardrail policy.
aud_REC-0077_1,REC-0077,2026-08-24T18:13:46.851974,DIAGNOSE,RECOVER_AI_ENGINE,DIAGNOSE_PROCESSED,SUCCESS,Processed DIAGNOSE for case REC-0077 (PAYMENT_DEGRADATION) under guardrail policy.
aud_REC-0077_2,REC-0077,2026-08-24T18:13:46.851974,DECIDE_PLAYBOOK,RECOVER_AI_ENGINE,DECIDE_PLAYBOOK_PROCESSED,SUCCESS,Processed DECIDE_PLAYBOOK for case REC-0077 (PAYMENT_DEGRADATION) under guardrail policy.
aud_REC-0077_3,REC-0077,2026-08-26T16:46:46.851974,CHECK_GUARDRAILS,RECOVER_AI_ENGINE,CHECK_GUARDRAILS_PROCESSED,SUCCESS,Processed CHECK_GUARDRAILS for case REC-0077 (PAYMENT_DEGRADATION) under guardrail policy.
aud_REC-0077_4,REC-0077,2026-08-26T16:46:46.851974,EXECUTE_ACTION,RECOVER_AI_ENGINE,EXECUTE_ACTION_PROCESSED,SUCCESS,Processed EXECUTE_ACTION for case REC-0077 (PAYMENT_DEGRADATION) under guardrail policy.
aud_REC-0077_5,REC-0077,2026-08-26T16:46:46.851974,VERIFY,RAZORPAY_GATEWAY,VERIFY_PROCESSED,SUCCESS,Processed VERIFY for case REC-0077 (PAYMENT_DEGRADATION) under guardrail policy.
aud_REC-0077_6,REC-0077,2026-08-26T16:46:46.851974,STOP_OR_ESCALATE,RECOVER_AI_ENGINE,STOP_OR_ESCALATE_PROCESSED,SUCCESS,Processed STOP_OR_ESCALATE for case REC-0077 (PAYMENT_DEGRADATION) under guardrail policy.
aud_REC-0078_0,REC-0078,2026-08-24T05:13:46.851974,DETECT,RAZORPAY_GATEWAY,DETECT_PROCESSED,SUCCESS,Processed DETECT for case REC-0078 (CHECKOUT_ABANDONMENT) under guardrail policy.
aud_REC-0078_1,REC-0078,2026-08-24T05:13:46.851974,DIAGNOSE,RECOVER_AI_ENGINE,DIAGNOSE_PROCESSED,SUCCESS,Processed DIAGNOSE for case REC-0078 (CHECKOUT_ABANDONMENT) under guardrail policy.
aud_REC-0078_2,REC-0078,2026-08-24T05:13:46.851974,DECIDE_PLAYBOOK,RECOVER_AI_ENGINE,DECIDE_PLAYBOOK_PROCESSED,SUCCESS,Processed DECIDE_PLAYBOOK for case REC-0078 (CHECKOUT_ABANDONMENT) under guardrail policy.
aud_REC-0078_3,REC-0078,2026-08-26T18:09:46.851974,CHECK_GUARDRAILS,RECOVER_AI_ENGINE,CHECK_GUARDRAILS_PROCESSED,SUCCESS,Processed CHECK_GUARDRAILS for case REC-0078 (CHECKOUT_ABANDONMENT) under guardrail policy.
aud_REC-0078_4,REC-0078,2026-08-26T18:09:46.851974,EXECUTE_ACTION,RECOVER_AI_ENGINE,EXECUTE_ACTION_PROCESSED,SUCCESS,Processed EXECUTE_ACTION for case REC-0078 (CHECKOUT_ABANDONMENT) under guardrail policy.
aud_REC-0078_5,REC-0078,2026-08-26T18:09:46.851974,VERIFY,RAZORPAY_GATEWAY,VERIFY_PROCESSED,SUCCESS,Processed VERIFY for case REC-0078 (CHECKOUT_ABANDONMENT) under guardrail policy.
aud_REC-0078_6,REC-0078,2026-08-26T18:09:46.851974,STOP_OR_ESCALATE,RECOVER_AI_ENGINE,STOP_OR_ESCALATE_PROCESSED,SUCCESS,Processed STOP_OR_ESCALATE for case REC-0078 (CHECKOUT_ABANDONMENT) under guardrail policy.
aud_REC-0079_0,REC-0079,2026-08-25T03:13:46.851974,DETECT,RAZORPAY_GATEWAY,DETECT_PROCESSED,SUCCESS,Processed DETECT for case REC-0079 (FAILED_SUBSCRIPTION) under guardrail policy.
aud_REC-0079_1,REC-0079,2026-08-25T03:13:46.851974,DIAGNOSE,RECOVER_AI_ENGINE,DIAGNOSE_PROCESSED,SUCCESS,Processed DIAGNOSE for case REC-0079 (FAILED_SUBSCRIPTION) under guardrail policy.
aud_REC-0079_2,REC-0079,2026-08-25T03:13:46.851974,DECIDE_PLAYBOOK,RECOVER_AI_ENGINE,DECIDE_PLAYBOOK_PROCESSED,SUCCESS,Processed DECIDE_PLAYBOOK for case REC-0079 (FAILED_SUBSCRIPTION) under guardrail policy.
aud_REC-0079_3,REC-0079,2026-08-26T16:49:46.851974,CHECK_GUARDRAILS,RECOVER_AI_ENGINE,CHECK_GUARDRAILS_PROCESSED,SUCCESS,Processed CHECK_GUARDRAILS for case REC-0079 (FAILED_SUBSCRIPTION) under guardrail policy.
aud_REC-0079_4,REC-0079,2026-08-26T16:49:46.851974,EXECUTE_ACTION,RECOVER_AI_ENGINE,EXECUTE_ACTION_PROCESSED,SUCCESS,Processed EXECUTE_ACTION for case REC-0079 (FAILED_SUBSCRIPTION) under guardrail policy.
aud_REC-0079_5,REC-0079,2026-08-26T16:49:46.851974,VERIFY,RAZORPAY_GATEWAY,VERIFY_PROCESSED,SUCCESS,Processed VERIFY for case REC-0079 (FAILED_SUBSCRIPTION) under guardrail policy.
aud_REC-0079_6,REC-0079,2026-08-26T16:49:46.851974,STOP_OR_ESCALATE,RECOVER_AI_ENGINE,STOP_OR_ESCALATE_PROCESSED,SUCCESS,Processed STOP_OR_ESCALATE for case REC-0079 (FAILED_SUBSCRIPTION) under guardrail policy.
aud_REC-0080_0,REC-0080,2026-08-26T03:13:46.851974,DETECT,RAZORPAY_GATEWAY,DETECT_PROCESSED,SUCCESS,Processed DETECT for case REC-0080 (B2B_OVERDUE_RECEIVABLES) under guardrail policy.
aud_REC-0080_1,REC-0080,2026-08-26T03:13:46.851974,DIAGNOSE,RECOVER_AI_ENGINE,DIAGNOSE_PROCESSED,SUCCESS,Processed DIAGNOSE for case REC-0080 (B2B_OVERDUE_RECEIVABLES) under guardrail policy.
aud_REC-0080_2,REC-0080,2026-08-26T03:13:46.851974,DECIDE_PLAYBOOK,RECOVER_AI_ENGINE,DECIDE_PLAYBOOK_PROCESSED,SUCCESS,Processed DECIDE_PLAYBOOK for case REC-0080 (B2B_OVERDUE_RECEIVABLES) under guardrail policy.
aud_REC-0080_3,REC-0080,2026-08-26T18:00:46.851974,CHECK_GUARDRAILS,RECOVER_AI_ENGINE,CHECK_GUARDRAILS_PROCESSED,SUCCESS,Processed CHECK_GUARDRAILS for case REC-0080 (B2B_OVERDUE_RECEIVABLES) under guardrail policy.
aud_REC-0080_4,REC-0080,2026-08-26T18:00:46.851974,EXECUTE_ACTION,RECOVER_AI_ENGINE,EXECUTE_ACTION_PROCESSED,SUCCESS,Processed EXECUTE_ACTION for case REC-0080 (B2B_OVERDUE_RECEIVABLES) under guardrail policy.
aud_REC-0080_5,REC-0080,2026-08-26T18:00:46.851974,VERIFY,RAZORPAY_GATEWAY,VERIFY_PROCESSED,SUCCESS,Processed VERIFY for case REC-0080 (B2B_OVERDUE_RECEIVABLES) under guardrail policy.
aud_REC-0080_6,REC-0080,2026-08-26T18:00:46.851974,STOP_OR_ESCALATE,RECOVER_AI_ENGINE,STOP_OR_ESCALATE_PROCESSED,SUCCESS,Processed STOP_OR_ESCALATE for case REC-0080 (B2B_OVERDUE_RECEIVABLES) under guardrail policy.
aud_REC-0081_0,REC-0081,2026-08-25T22:13:46.851974,DETECT,RAZORPAY_GATEWAY,DETECT_PROCESSED,SUCCESS,Processed DETECT for case REC-0081 (MANDATE_RETRY) under guardrail policy.
aud_REC-0081_1,REC-0081,2026-08-25T22:13:46.851974,DIAGNOSE,RECOVER_AI_ENGINE,DIAGNOSE_PROCESSED,SUCCESS,Processed DIAGNOSE for case REC-0081 (MANDATE_RETRY) under guardrail policy.
aud_REC-0081_2,REC-0081,2026-08-25T22:13:46.851974,DECIDE_PLAYBOOK,RECOVER_AI_ENGINE,DECIDE_PLAYBOOK_PROCESSED,SUCCESS,Processed DECIDE_PLAYBOOK for case REC-0081 (MANDATE_RETRY) under guardrail policy.
aud_REC-0081_3,REC-0081,2026-08-26T16:19:46.851974,CHECK_GUARDRAILS,RECOVER_AI_ENGINE,CHECK_GUARDRAILS_PROCESSED,SUCCESS,Processed CHECK_GUARDRAILS for case REC-0081 (MANDATE_RETRY) under guardrail policy.
aud_REC-0081_4,REC-0081,2026-08-26T16:19:46.851974,EXECUTE_ACTION,RECOVER_AI_ENGINE,EXECUTE_ACTION_PROCESSED,SUCCESS,Processed EXECUTE_ACTION for case REC-0081 (MANDATE_RETRY) under guardrail policy.
aud_REC-0081_5,REC-0081,2026-08-26T16:19:46.851974,VERIFY,RAZORPAY_GATEWAY,VERIFY_PROCESSED,FAILED,Processed VERIFY for case REC-0081 (MANDATE_RETRY) under guardrail policy.
aud_REC-0081_6,REC-0081,2026-08-26T16:19:46.851974,STOP_OR_ESCALATE,RECOVER_AI_ENGINE,STOP_OR_ESCALATE_PROCESSED,FAILED,Processed STOP_OR_ESCALATE for case REC-0081 (MANDATE_RETRY) under guardrail policy.
aud_REC-0082_0,REC-0082,2026-08-24T18:13:46.851974,DETECT,RAZORPAY_GATEWAY,DETECT_PROCESSED,SUCCESS,Processed DETECT for case REC-0082 (HINGLISH_RECOVERY) under guardrail policy.
aud_REC-0082_1,REC-0082,2026-08-24T18:13:46.851974,DIAGNOSE,RECOVER_AI_ENGINE,DIAGNOSE_PROCESSED,SUCCESS,Processed DIAGNOSE for case REC-0082 (HINGLISH_RECOVERY) under guardrail policy.
aud_REC-0082_2,REC-0082,2026-08-24T18:13:46.851974,DECIDE_PLAYBOOK,RECOVER_AI_ENGINE,DECIDE_PLAYBOOK_PROCESSED,SUCCESS,Processed DECIDE_PLAYBOOK for case REC-0082 (HINGLISH_RECOVERY) under guardrail policy.
aud_REC-0082_3,REC-0082,2026-08-26T17:45:46.851974,CHECK_GUARDRAILS,RECOVER_AI_ENGINE,CHECK_GUARDRAILS_PROCESSED,SUCCESS,Processed CHECK_GUARDRAILS for case REC-0082 (HINGLISH_RECOVERY) under guardrail policy.
aud_REC-0082_4,REC-0082,2026-08-26T17:45:46.851974,EXECUTE_ACTION,RECOVER_AI_ENGINE,EXECUTE_ACTION_PROCESSED,SUCCESS,Processed EXECUTE_ACTION for case REC-0082 (HINGLISH_RECOVERY) under guardrail policy.
aud_REC-0082_5,REC-0082,2026-08-26T17:45:46.851974,VERIFY,RAZORPAY_GATEWAY,VERIFY_PROCESSED,FAILED,Processed VERIFY for case REC-0082 (HINGLISH_RECOVERY) under guardrail policy.
aud_REC-0082_6,REC-0082,2026-08-26T17:45:46.851974,STOP_OR_ESCALATE,RECOVER_AI_ENGINE,STOP_OR_ESCALATE_PROCESSED,FAILED,Processed STOP_OR_ESCALATE for case REC-0082 (HINGLISH_RECOVERY) under guardrail policy.
aud_REC-0083_0,REC-0083,2026-08-24T18:13:46.851974,DETECT,RAZORPAY_GATEWAY,DETECT_PROCESSED,SUCCESS,Processed DETECT for case REC-0083 (PROMISE_TO_PAY) under guardrail policy.
aud_REC-0083_1,REC-0083,2026-08-24T18:13:46.851974,DIAGNOSE,RECOVER_AI_ENGINE,DIAGNOSE_PROCESSED,SUCCESS,Processed DIAGNOSE for case REC-0083 (PROMISE_TO_PAY) under guardrail policy.
aud_REC-0083_2,REC-0083,2026-08-24T18:13:46.851974,DECIDE_PLAYBOOK,RECOVER_AI_ENGINE,DECIDE_PLAYBOOK_PROCESSED,SUCCESS,Processed DECIDE_PLAYBOOK for case REC-0083 (PROMISE_TO_PAY) under guardrail policy.
aud_REC-0083_3,REC-0083,2026-08-26T17:03:46.851974,CHECK_GUARDRAILS,RECOVER_AI_ENGINE,CHECK_GUARDRAILS_PROCESSED,SUCCESS,Processed CHECK_GUARDRAILS for case REC-0083 (PROMISE_TO_PAY) under guardrail policy.
aud_REC-0083_4,REC-0083,2026-08-26T17:03:46.851974,EXECUTE_ACTION,RECOVER_AI_ENGINE,EXECUTE_ACTION_PROCESSED,SUCCESS,Processed EXECUTE_ACTION for case REC-0083 (PROMISE_TO_PAY) under guardrail policy.
aud_REC-0083_5,REC-0083,2026-08-26T17:03:46.851974,VERIFY,RAZORPAY_GATEWAY,VERIFY_PROCESSED,ESCALATED,Processed VERIFY for case REC-0083 (PROMISE_TO_PAY) under guardrail policy.
aud_REC-0083_6,REC-0083,2026-08-26T17:03:46.851974,STOP_OR_ESCALATE,RECOVER_AI_ENGINE,STOP_OR_ESCALATE_PROCESSED,ESCALATED,Processed STOP_OR_ESCALATE for case REC-0083 (PROMISE_TO_PAY) under guardrail policy.
aud_REC-0084_0,REC-0084,2026-08-25T14:13:46.851974,DETECT,RAZORPAY_GATEWAY,DETECT_PROCESSED,SUCCESS,Processed DETECT for case REC-0084 (PAYMENT_DEGRADATION) under guardrail policy.
aud_REC-0084_1,REC-0084,2026-08-25T14:13:46.851974,DIAGNOSE,RECOVER_AI_ENGINE,DIAGNOSE_PROCESSED,SUCCESS,Processed DIAGNOSE for case REC-0084 (PAYMENT_DEGRADATION) under guardrail policy.
aud_REC-0084_2,REC-0084,2026-08-25T14:13:46.851974,DECIDE_PLAYBOOK,RECOVER_AI_ENGINE,DECIDE_PLAYBOOK_PROCESSED,SUCCESS,Processed DECIDE_PLAYBOOK for case REC-0084 (PAYMENT_DEGRADATION) under guardrail policy.
aud_REC-0084_3,REC-0084,2026-08-26T16:50:46.851974,CHECK_GUARDRAILS,RECOVER_AI_ENGINE,CHECK_GUARDRAILS_PROCESSED,SUCCESS,Processed CHECK_GUARDRAILS for case REC-0084 (PAYMENT_DEGRADATION) under guardrail policy.
aud_REC-0084_4,REC-0084,2026-08-26T16:50:46.851974,EXECUTE_ACTION,RECOVER_AI_ENGINE,EXECUTE_ACTION_PROCESSED,SUCCESS,Processed EXECUTE_ACTION for case REC-0084 (PAYMENT_DEGRADATION) under guardrail policy.
aud_REC-0084_5,REC-0084,2026-08-26T16:50:46.851974,VERIFY,RAZORPAY_GATEWAY,VERIFY_PROCESSED,SUCCESS,Processed VERIFY for case REC-0084 (PAYMENT_DEGRADATION) under guardrail policy.
aud_REC-0084_6,REC-0084,2026-08-26T16:50:46.851974,STOP_OR_ESCALATE,RECOVER_AI_ENGINE,STOP_OR_ESCALATE_PROCESSED,SUCCESS,Processed STOP_OR_ESCALATE for case REC-0084 (PAYMENT_DEGRADATION) under guardrail policy.
aud_REC-0085_0,REC-0085,2026-08-26T01:13:46.851974,DETECT,RAZORPAY_GATEWAY,DETECT_PROCESSED,SUCCESS,Processed DETECT for case REC-0085 (CHECKOUT_ABANDONMENT) under guardrail policy.
aud_REC-0085_1,REC-0085,2026-08-26T01:13:46.851974,DIAGNOSE,RECOVER_AI_ENGINE,DIAGNOSE_PROCESSED,SUCCESS,Processed DIAGNOSE for case REC-0085 (CHECKOUT_ABANDONMENT) under guardrail policy.
aud_REC-0085_2,REC-0085,2026-08-26T01:13:46.851974,DECIDE_PLAYBOOK,RECOVER_AI_ENGINE,DECIDE_PLAYBOOK_PROCESSED,SUCCESS,Processed DECIDE_PLAYBOOK for case REC-0085 (CHECKOUT_ABANDONMENT) under guardrail policy.
aud_REC-0085_3,REC-0085,2026-08-26T16:32:46.851974,CHECK_GUARDRAILS,RECOVER_AI_ENGINE,CHECK_GUARDRAILS_PROCESSED,SUCCESS,Processed CHECK_GUARDRAILS for case REC-0085 (CHECKOUT_ABANDONMENT) under guardrail policy.
aud_REC-0085_4,REC-0085,2026-08-26T16:32:46.851974,EXECUTE_ACTION,RECOVER_AI_ENGINE,EXECUTE_ACTION_PROCESSED,SUCCESS,Processed EXECUTE_ACTION for case REC-0085 (CHECKOUT_ABANDONMENT) under guardrail policy.
aud_REC-0085_5,REC-0085,2026-08-26T16:32:46.851974,VERIFY,RAZORPAY_GATEWAY,VERIFY_PROCESSED,ESCALATED,Processed VERIFY for case REC-0085 (CHECKOUT_ABANDONMENT) under guardrail policy.
aud_REC-0085_6,REC-0085,2026-08-26T16:32:46.851974,STOP_OR_ESCALATE,RECOVER_AI_ENGINE,STOP_OR_ESCALATE_PROCESSED,ESCALATED,Processed STOP_OR_ESCALATE for case REC-0085 (CHECKOUT_ABANDONMENT) under guardrail policy.
aud_REC-0086_0,REC-0086,2026-08-25T15:13:46.851974,DETECT,RAZORPAY_GATEWAY,DETECT_PROCESSED,SUCCESS,Processed DETECT for case REC-0086 (FAILED_SUBSCRIPTION) under guardrail policy.
aud_REC-0086_1,REC-0086,2026-08-25T15:13:46.851974,DIAGNOSE,RECOVER_AI_ENGINE,DIAGNOSE_PROCESSED,SUCCESS,Processed DIAGNOSE for case REC-0086 (FAILED_SUBSCRIPTION) under guardrail policy.
aud_REC-0086_2,REC-0086,2026-08-25T15:13:46.851974,DECIDE_PLAYBOOK,RECOVER_AI_ENGINE,DECIDE_PLAYBOOK_PROCESSED,SUCCESS,Processed DECIDE_PLAYBOOK for case REC-0086 (FAILED_SUBSCRIPTION) under guardrail policy.
aud_REC-0086_3,REC-0086,2026-08-26T16:57:46.851974,CHECK_GUARDRAILS,RECOVER_AI_ENGINE,CHECK_GUARDRAILS_PROCESSED,SUCCESS,Processed CHECK_GUARDRAILS for case REC-0086 (FAILED_SUBSCRIPTION) under guardrail policy.
aud_REC-0086_4,REC-0086,2026-08-26T16:57:46.851974,EXECUTE_ACTION,RECOVER_AI_ENGINE,EXECUTE_ACTION_PROCESSED,SUCCESS,Processed EXECUTE_ACTION for case REC-0086 (FAILED_SUBSCRIPTION) under guardrail policy.
aud_REC-0086_5,REC-0086,2026-08-26T16:57:46.851974,VERIFY,RAZORPAY_GATEWAY,VERIFY_PROCESSED,ESCALATED,Processed VERIFY for case REC-0086 (FAILED_SUBSCRIPTION) under guardrail policy.
aud_REC-0086_6,REC-0086,2026-08-26T16:57:46.851974,STOP_OR_ESCALATE,RECOVER_AI_ENGINE,STOP_OR_ESCALATE_PROCESSED,ESCALATED,Processed STOP_OR_ESCALATE for case REC-0086 (FAILED_SUBSCRIPTION) under guardrail policy.
aud_REC-0087_0,REC-0087,2026-08-26T17:13:46.851974,DETECT,RAZORPAY_GATEWAY,DETECT_PROCESSED,SUCCESS,Processed DETECT for case REC-0087 (B2B_OVERDUE_RECEIVABLES) under guardrail policy.
aud_REC-0087_1,REC-0087,2026-08-26T17:13:46.851974,DIAGNOSE,RECOVER_AI_ENGINE,DIAGNOSE_PROCESSED,SUCCESS,Processed DIAGNOSE for case REC-0087 (B2B_OVERDUE_RECEIVABLES) under guardrail policy.
aud_REC-0087_2,REC-0087,2026-08-26T17:13:46.851974,DECIDE_PLAYBOOK,RECOVER_AI_ENGINE,DECIDE_PLAYBOOK_PROCESSED,SUCCESS,Processed DECIDE_PLAYBOOK for case REC-0087 (B2B_OVERDUE_RECEIVABLES) under guardrail policy.
aud_REC-0087_3,REC-0087,2026-08-26T17:37:46.851974,CHECK_GUARDRAILS,RECOVER_AI_ENGINE,CHECK_GUARDRAILS_PROCESSED,SUCCESS,Processed CHECK_GUARDRAILS for case REC-0087 (B2B_OVERDUE_RECEIVABLES) under guardrail policy.
aud_REC-0087_4,REC-0087,2026-08-26T17:37:46.851974,EXECUTE_ACTION,RECOVER_AI_ENGINE,EXECUTE_ACTION_PROCESSED,SUCCESS,Processed EXECUTE_ACTION for case REC-0087 (B2B_OVERDUE_RECEIVABLES) under guardrail policy.
aud_REC-0087_5,REC-0087,2026-08-26T17:37:46.851974,VERIFY,RAZORPAY_GATEWAY,VERIFY_PROCESSED,ESCALATED,Processed VERIFY for case REC-0087 (B2B_OVERDUE_RECEIVABLES) under guardrail policy.
aud_REC-0087_6,REC-0087,2026-08-26T17:37:46.851974,STOP_OR_ESCALATE,RECOVER_AI_ENGINE,STOP_OR_ESCALATE_PROCESSED,ESCALATED,Processed STOP_OR_ESCALATE for case REC-0087 (B2B_OVERDUE_RECEIVABLES) under guardrail policy.
aud_REC-0088_0,REC-0088,2026-08-26T14:13:46.851974,DETECT,RAZORPAY_GATEWAY,DETECT_PROCESSED,SUCCESS,Processed DETECT for case REC-0088 (MANDATE_RETRY) under guardrail policy.
aud_REC-0088_1,REC-0088,2026-08-26T14:13:46.851974,DIAGNOSE,RECOVER_AI_ENGINE,DIAGNOSE_PROCESSED,SUCCESS,Processed DIAGNOSE for case REC-0088 (MANDATE_RETRY) under guardrail policy.
aud_REC-0088_2,REC-0088,2026-08-26T14:13:46.851974,DECIDE_PLAYBOOK,RECOVER_AI_ENGINE,DECIDE_PLAYBOOK_PROCESSED,SUCCESS,Processed DECIDE_PLAYBOOK for case REC-0088 (MANDATE_RETRY) under guardrail policy.
aud_REC-0088_3,REC-0088,2026-08-26T17:56:46.851974,CHECK_GUARDRAILS,RECOVER_AI_ENGINE,CHECK_GUARDRAILS_PROCESSED,SUCCESS,Processed CHECK_GUARDRAILS for case REC-0088 (MANDATE_RETRY) under guardrail policy.
aud_REC-0088_4,REC-0088,2026-08-26T17:56:46.851974,EXECUTE_ACTION,RECOVER_AI_ENGINE,EXECUTE_ACTION_PROCESSED,SUCCESS,Processed EXECUTE_ACTION for case REC-0088 (MANDATE_RETRY) under guardrail policy.
aud_REC-0088_5,REC-0088,2026-08-26T17:56:46.851974,VERIFY,RAZORPAY_GATEWAY,VERIFY_PROCESSED,FAILED,Processed VERIFY for case REC-0088 (MANDATE_RETRY) under guardrail policy.
aud_REC-0088_6,REC-0088,2026-08-26T17:56:46.851974,STOP_OR_ESCALATE,RECOVER_AI_ENGINE,STOP_OR_ESCALATE_PROCESSED,FAILED,Processed STOP_OR_ESCALATE for case REC-0088 (MANDATE_RETRY) under guardrail policy.
aud_REC-0089_0,REC-0089,2026-08-25T08:13:46.851974,DETECT,RAZORPAY_GATEWAY,DETECT_PROCESSED,SUCCESS,Processed DETECT for case REC-0089 (HINGLISH_RECOVERY) under guardrail policy.
aud_REC-0089_1,REC-0089,2026-08-25T08:13:46.851974,DIAGNOSE,RECOVER_AI_ENGINE,DIAGNOSE_PROCESSED,SUCCESS,Processed DIAGNOSE for case REC-0089 (HINGLISH_RECOVERY) under guardrail policy.
aud_REC-0089_2,REC-0089,2026-08-25T08:13:46.851974,DECIDE_PLAYBOOK,RECOVER_AI_ENGINE,DECIDE_PLAYBOOK_PROCESSED,SUCCESS,Processed DECIDE_PLAYBOOK for case REC-0089 (HINGLISH_RECOVERY) under guardrail policy.
aud_REC-0089_3,REC-0089,2026-08-26T18:06:46.851974,CHECK_GUARDRAILS,RECOVER_AI_ENGINE,CHECK_GUARDRAILS_PROCESSED,SUCCESS,Processed CHECK_GUARDRAILS for case REC-0089 (HINGLISH_RECOVERY) under guardrail policy.
aud_REC-0089_4,REC-0089,2026-08-26T18:06:46.851974,EXECUTE_ACTION,RECOVER_AI_ENGINE,EXECUTE_ACTION_PROCESSED,SUCCESS,Processed EXECUTE_ACTION for case REC-0089 (HINGLISH_RECOVERY) under guardrail policy.
aud_REC-0089_5,REC-0089,2026-08-26T18:06:46.851974,VERIFY,RAZORPAY_GATEWAY,VERIFY_PROCESSED,FAILED,Processed VERIFY for case REC-0089 (HINGLISH_RECOVERY) under guardrail policy.
aud_REC-0089_6,REC-0089,2026-08-26T18:06:46.851974,STOP_OR_ESCALATE,RECOVER_AI_ENGINE,STOP_OR_ESCALATE_PROCESSED,FAILED,Processed STOP_OR_ESCALATE for case REC-0089 (HINGLISH_RECOVERY) under guardrail policy.
aud_REC-0090_0,REC-0090,2026-08-24T19:13:46.851974,DETECT,RAZORPAY_GATEWAY,DETECT_PROCESSED,SUCCESS,Processed DETECT for case REC-0090 (PROMISE_TO_PAY) under guardrail policy.
aud_REC-0090_1,REC-0090,2026-08-24T19:13:46.851974,DIAGNOSE,RECOVER_AI_ENGINE,DIAGNOSE_PROCESSED,SUCCESS,Processed DIAGNOSE for case REC-0090 (PROMISE_TO_PAY) under guardrail policy.
aud_REC-0090_2,REC-0090,2026-08-24T19:13:46.851974,DECIDE_PLAYBOOK,RECOVER_AI_ENGINE,DECIDE_PLAYBOOK_PROCESSED,SUCCESS,Processed DECIDE_PLAYBOOK for case REC-0090 (PROMISE_TO_PAY) under guardrail policy.
aud_REC-0090_3,REC-0090,2026-08-26T17:07:46.851974,CHECK_GUARDRAILS,RECOVER_AI_ENGINE,CHECK_GUARDRAILS_PROCESSED,SUCCESS,Processed CHECK_GUARDRAILS for case REC-0090 (PROMISE_TO_PAY) under guardrail policy.
aud_REC-0090_4,REC-0090,2026-08-26T17:07:46.851974,EXECUTE_ACTION,RECOVER_AI_ENGINE,EXECUTE_ACTION_PROCESSED,SUCCESS,Processed EXECUTE_ACTION for case REC-0090 (PROMISE_TO_PAY) under guardrail policy.
aud_REC-0090_5,REC-0090,2026-08-26T17:07:46.851974,VERIFY,RAZORPAY_GATEWAY,VERIFY_PROCESSED,SUCCESS,Processed VERIFY for case REC-0090 (PROMISE_TO_PAY) under guardrail policy.
aud_REC-0090_6,REC-0090,2026-08-26T17:07:46.851974,STOP_OR_ESCALATE,RECOVER_AI_ENGINE,STOP_OR_ESCALATE_PROCESSED,SUCCESS,Processed STOP_OR_ESCALATE for case REC-0090 (PROMISE_TO_PAY) under guardrail policy.
aud_REC-0091_0,REC-0091,2026-08-24T07:13:46.851974,DETECT,RAZORPAY_GATEWAY,DETECT_PROCESSED,SUCCESS,Processed DETECT for case REC-0091 (PAYMENT_DEGRADATION) under guardrail policy.
aud_REC-0091_1,REC-0091,2026-08-24T07:13:46.851974,DIAGNOSE,RECOVER_AI_ENGINE,DIAGNOSE_PROCESSED,SUCCESS,Processed DIAGNOSE for case REC-0091 (PAYMENT_DEGRADATION) under guardrail policy.
aud_REC-0091_2,REC-0091,2026-08-24T07:13:46.851974,DECIDE_PLAYBOOK,RECOVER_AI_ENGINE,DECIDE_PLAYBOOK_PROCESSED,SUCCESS,Processed DECIDE_PLAYBOOK for case REC-0091 (PAYMENT_DEGRADATION) under guardrail policy.
aud_REC-0091_3,REC-0091,2026-08-26T16:50:46.851974,CHECK_GUARDRAILS,RECOVER_AI_ENGINE,CHECK_GUARDRAILS_PROCESSED,SUCCESS,Processed CHECK_GUARDRAILS for case REC-0091 (PAYMENT_DEGRADATION) under guardrail policy.
aud_REC-0091_4,REC-0091,2026-08-26T16:50:46.851974,EXECUTE_ACTION,RECOVER_AI_ENGINE,EXECUTE_ACTION_PROCESSED,SUCCESS,Processed EXECUTE_ACTION for case REC-0091 (PAYMENT_DEGRADATION) under guardrail policy.
aud_REC-0091_5,REC-0091,2026-08-26T16:50:46.851974,VERIFY,RAZORPAY_GATEWAY,VERIFY_PROCESSED,SUCCESS,Processed VERIFY for case REC-0091 (PAYMENT_DEGRADATION) under guardrail policy.
aud_REC-0091_6,REC-0091,2026-08-26T16:50:46.851974,STOP_OR_ESCALATE,RECOVER_AI_ENGINE,STOP_OR_ESCALATE_PROCESSED,SUCCESS,Processed STOP_OR_ESCALATE for case REC-0091 (PAYMENT_DEGRADATION) under guardrail policy.
aud_REC-0092_0,REC-0092,2026-08-26T04:13:46.851974,DETECT,RAZORPAY_GATEWAY,DETECT_PROCESSED,SUCCESS,Processed DETECT for case REC-0092 (CHECKOUT_ABANDONMENT) under guardrail policy.
aud_REC-0092_1,REC-0092,2026-08-26T04:13:46.851974,DIAGNOSE,RECOVER_AI_ENGINE,DIAGNOSE_PROCESSED,SUCCESS,Processed DIAGNOSE for case REC-0092 (CHECKOUT_ABANDONMENT) under guardrail policy.
aud_REC-0092_2,REC-0092,2026-08-26T04:13:46.851974,DECIDE_PLAYBOOK,RECOVER_AI_ENGINE,DECIDE_PLAYBOOK_PROCESSED,SUCCESS,Processed DECIDE_PLAYBOOK for case REC-0092 (CHECKOUT_ABANDONMENT) under guardrail policy.
aud_REC-0092_3,REC-0092,2026-08-26T17:10:46.851974,CHECK_GUARDRAILS,RECOVER_AI_ENGINE,CHECK_GUARDRAILS_PROCESSED,SUCCESS,Processed CHECK_GUARDRAILS for case REC-0092 (CHECKOUT_ABANDONMENT) under guardrail policy.
aud_REC-0092_4,REC-0092,2026-08-26T17:10:46.851974,EXECUTE_ACTION,RECOVER_AI_ENGINE,EXECUTE_ACTION_PROCESSED,SUCCESS,Processed EXECUTE_ACTION for case REC-0092 (CHECKOUT_ABANDONMENT) under guardrail policy.
aud_REC-0092_5,REC-0092,2026-08-26T17:10:46.851974,VERIFY,RAZORPAY_GATEWAY,VERIFY_PROCESSED,ESCALATED,Processed VERIFY for case REC-0092 (CHECKOUT_ABANDONMENT) under guardrail policy.
aud_REC-0092_6,REC-0092,2026-08-26T17:10:46.851974,STOP_OR_ESCALATE,RECOVER_AI_ENGINE,STOP_OR_ESCALATE_PROCESSED,ESCALATED,Processed STOP_OR_ESCALATE for case REC-0092 (CHECKOUT_ABANDONMENT) under guardrail policy.
aud_REC-0093_0,REC-0093,2026-08-25T23:13:46.851974,DETECT,RAZORPAY_GATEWAY,DETECT_PROCESSED,SUCCESS,Processed DETECT for case REC-0093 (FAILED_SUBSCRIPTION) under guardrail policy.
aud_REC-0093_1,REC-0093,2026-08-25T23:13:46.851974,DIAGNOSE,RECOVER_AI_ENGINE,DIAGNOSE_PROCESSED,SUCCESS,Processed DIAGNOSE for case REC-0093 (FAILED_SUBSCRIPTION) under guardrail policy.
aud_REC-0093_2,REC-0093,2026-08-25T23:13:46.851974,DECIDE_PLAYBOOK,RECOVER_AI_ENGINE,DECIDE_PLAYBOOK_PROCESSED,SUCCESS,Processed DECIDE_PLAYBOOK for case REC-0093 (FAILED_SUBSCRIPTION) under guardrail policy.
aud_REC-0093_3,REC-0093,2026-08-26T18:04:46.851974,CHECK_GUARDRAILS,RECOVER_AI_ENGINE,CHECK_GUARDRAILS_PROCESSED,SUCCESS,Processed CHECK_GUARDRAILS for case REC-0093 (FAILED_SUBSCRIPTION) under guardrail policy.
aud_REC-0093_4,REC-0093,2026-08-26T18:04:46.851974,EXECUTE_ACTION,RECOVER_AI_ENGINE,EXECUTE_ACTION_PROCESSED,SUCCESS,Processed EXECUTE_ACTION for case REC-0093 (FAILED_SUBSCRIPTION) under guardrail policy.
aud_REC-0093_5,REC-0093,2026-08-26T18:04:46.851974,VERIFY,RAZORPAY_GATEWAY,VERIFY_PROCESSED,FAILED,Processed VERIFY for case REC-0093 (FAILED_SUBSCRIPTION) under guardrail policy.
aud_REC-0093_6,REC-0093,2026-08-26T18:04:46.851974,STOP_OR_ESCALATE,RECOVER_AI_ENGINE,STOP_OR_ESCALATE_PROCESSED,FAILED,Processed STOP_OR_ESCALATE for case REC-0093 (FAILED_SUBSCRIPTION) under guardrail policy.
aud_REC-0094_0,REC-0094,2026-08-24T17:13:46.851974,DETECT,RAZORPAY_GATEWAY,DETECT_PROCESSED,SUCCESS,Processed DETECT for case REC-0094 (B2B_OVERDUE_RECEIVABLES) under guardrail policy.
aud_REC-0094_1,REC-0094,2026-08-24T17:13:46.851974,DIAGNOSE,RECOVER_AI_ENGINE,DIAGNOSE_PROCESSED,SUCCESS,Processed DIAGNOSE for case REC-0094 (B2B_OVERDUE_RECEIVABLES) under guardrail policy.
aud_REC-0094_2,REC-0094,2026-08-24T17:13:46.851974,DECIDE_PLAYBOOK,RECOVER_AI_ENGINE,DECIDE_PLAYBOOK_PROCESSED,SUCCESS,Processed DECIDE_PLAYBOOK for case REC-0094 (B2B_OVERDUE_RECEIVABLES) under guardrail policy.
aud_REC-0094_3,REC-0094,2026-08-26T16:56:46.851974,CHECK_GUARDRAILS,RECOVER_AI_ENGINE,CHECK_GUARDRAILS_PROCESSED,SUCCESS,Processed CHECK_GUARDRAILS for case REC-0094 (B2B_OVERDUE_RECEIVABLES) under guardrail policy.
aud_REC-0094_4,REC-0094,2026-08-26T16:56:46.851974,EXECUTE_ACTION,RECOVER_AI_ENGINE,EXECUTE_ACTION_PROCESSED,SUCCESS,Processed EXECUTE_ACTION for case REC-0094 (B2B_OVERDUE_RECEIVABLES) under guardrail policy.
aud_REC-0094_5,REC-0094,2026-08-26T16:56:46.851974,VERIFY,RAZORPAY_GATEWAY,VERIFY_PROCESSED,FAILED,Processed VERIFY for case REC-0094 (B2B_OVERDUE_RECEIVABLES) under guardrail policy.
aud_REC-0094_6,REC-0094,2026-08-26T16:56:46.851974,STOP_OR_ESCALATE,RECOVER_AI_ENGINE,STOP_OR_ESCALATE_PROCESSED,FAILED,Processed STOP_OR_ESCALATE for case REC-0094 (B2B_OVERDUE_RECEIVABLES) under guardrail policy.
aud_REC-0095_0,REC-0095,2026-08-26T03:13:46.851974,DETECT,RAZORPAY_GATEWAY,DETECT_PROCESSED,SUCCESS,Processed DETECT for case REC-0095 (MANDATE_RETRY) under guardrail policy.
aud_REC-0095_1,REC-0095,2026-08-26T03:13:46.851974,DIAGNOSE,RECOVER_AI_ENGINE,DIAGNOSE_PROCESSED,SUCCESS,Processed DIAGNOSE for case REC-0095 (MANDATE_RETRY) under guardrail policy.
aud_REC-0095_2,REC-0095,2026-08-26T03:13:46.851974,DECIDE_PLAYBOOK,RECOVER_AI_ENGINE,DECIDE_PLAYBOOK_PROCESSED,SUCCESS,Processed DECIDE_PLAYBOOK for case REC-0095 (MANDATE_RETRY) under guardrail policy.
aud_REC-0095_3,REC-0095,2026-08-26T16:23:46.851974,CHECK_GUARDRAILS,RECOVER_AI_ENGINE,CHECK_GUARDRAILS_PROCESSED,SUCCESS,Processed CHECK_GUARDRAILS for case REC-0095 (MANDATE_RETRY) under guardrail policy.
aud_REC-0095_4,REC-0095,2026-08-26T16:23:46.851974,EXECUTE_ACTION,RECOVER_AI_ENGINE,EXECUTE_ACTION_PROCESSED,SUCCESS,Processed EXECUTE_ACTION for case REC-0095 (MANDATE_RETRY) under guardrail policy.
aud_REC-0095_5,REC-0095,2026-08-26T16:23:46.851974,VERIFY,RAZORPAY_GATEWAY,VERIFY_PROCESSED,FAILED,Processed VERIFY for case REC-0095 (MANDATE_RETRY) under guardrail policy.
aud_REC-0095_6,REC-0095,2026-08-26T16:23:46.851974,STOP_OR_ESCALATE,RECOVER_AI_ENGINE,STOP_OR_ESCALATE_PROCESSED,FAILED,Processed STOP_OR_ESCALATE for case REC-0095 (MANDATE_RETRY) under guardrail policy.
aud_REC-0096_0,REC-0096,2026-08-24T22:13:46.851974,DETECT,RAZORPAY_GATEWAY,DETECT_PROCESSED,SUCCESS,Processed DETECT for case REC-0096 (HINGLISH_RECOVERY) under guardrail policy.
aud_REC-0096_1,REC-0096,2026-08-24T22:13:46.851974,DIAGNOSE,RECOVER_AI_ENGINE,DIAGNOSE_PROCESSED,SUCCESS,Processed DIAGNOSE for case REC-0096 (HINGLISH_RECOVERY) under guardrail policy.
aud_REC-0096_2,REC-0096,2026-08-24T22:13:46.851974,DECIDE_PLAYBOOK,RECOVER_AI_ENGINE,DECIDE_PLAYBOOK_PROCESSED,SUCCESS,Processed DECIDE_PLAYBOOK for case REC-0096 (HINGLISH_RECOVERY) under guardrail policy.
aud_REC-0096_3,REC-0096,2026-08-26T16:27:46.851974,CHECK_GUARDRAILS,RECOVER_AI_ENGINE,CHECK_GUARDRAILS_PROCESSED,SUCCESS,Processed CHECK_GUARDRAILS for case REC-0096 (HINGLISH_RECOVERY) under guardrail policy.
aud_REC-0096_4,REC-0096,2026-08-26T16:27:46.851974,EXECUTE_ACTION,RECOVER_AI_ENGINE,EXECUTE_ACTION_PROCESSED,SUCCESS,Processed EXECUTE_ACTION for case REC-0096 (HINGLISH_RECOVERY) under guardrail policy.
aud_REC-0096_5,REC-0096,2026-08-26T16:27:46.851974,VERIFY,RAZORPAY_GATEWAY,VERIFY_PROCESSED,FAILED,Processed VERIFY for case REC-0096 (HINGLISH_RECOVERY) under guardrail policy.
aud_REC-0096_6,REC-0096,2026-08-26T16:27:46.851974,STOP_OR_ESCALATE,RECOVER_AI_ENGINE,STOP_OR_ESCALATE_PROCESSED,FAILED,Processed STOP_OR_ESCALATE for case REC-0096 (HINGLISH_RECOVERY) under guardrail policy.
aud_REC-0097_0,REC-0097,2026-08-24T11:13:46.851974,DETECT,RAZORPAY_GATEWAY,DETECT_PROCESSED,SUCCESS,Processed DETECT for case REC-0097 (PROMISE_TO_PAY) under guardrail policy.
aud_REC-0097_1,REC-0097,2026-08-24T11:13:46.851974,DIAGNOSE,RECOVER_AI_ENGINE,DIAGNOSE_PROCESSED,SUCCESS,Processed DIAGNOSE for case REC-0097 (PROMISE_TO_PAY) under guardrail policy.
aud_REC-0097_2,REC-0097,2026-08-24T11:13:46.851974,DECIDE_PLAYBOOK,RECOVER_AI_ENGINE,DECIDE_PLAYBOOK_PROCESSED,SUCCESS,Processed DECIDE_PLAYBOOK for case REC-0097 (PROMISE_TO_PAY) under guardrail policy.
aud_REC-0097_3,REC-0097,2026-08-26T17:32:46.851974,CHECK_GUARDRAILS,RECOVER_AI_ENGINE,CHECK_GUARDRAILS_PROCESSED,SUCCESS,Processed CHECK_GUARDRAILS for case REC-0097 (PROMISE_TO_PAY) under guardrail policy.
aud_REC-0097_4,REC-0097,2026-08-26T17:32:46.851974,EXECUTE_ACTION,RECOVER_AI_ENGINE,EXECUTE_ACTION_PROCESSED,SUCCESS,Processed EXECUTE_ACTION for case REC-0097 (PROMISE_TO_PAY) under guardrail policy.
aud_REC-0097_5,REC-0097,2026-08-26T17:32:46.851974,VERIFY,RAZORPAY_GATEWAY,VERIFY_PROCESSED,ESCALATED,Processed VERIFY for case REC-0097 (PROMISE_TO_PAY) under guardrail policy.
aud_REC-0097_6,REC-0097,2026-08-26T17:32:46.851974,STOP_OR_ESCALATE,RECOVER_AI_ENGINE,STOP_OR_ESCALATE_PROCESSED,ESCALATED,Processed STOP_OR_ESCALATE for case REC-0097 (PROMISE_TO_PAY) under guardrail policy.
aud_REC-0098_0,REC-0098,2026-08-26T05:13:46.851974,DETECT,RAZORPAY_GATEWAY,DETECT_PROCESSED,SUCCESS,Processed DETECT for case REC-0098 (PAYMENT_DEGRADATION) under guardrail policy.
aud_REC-0098_1,REC-0098,2026-08-26T05:13:46.851974,DIAGNOSE,RECOVER_AI_ENGINE,DIAGNOSE_PROCESSED,SUCCESS,Processed DIAGNOSE for case REC-0098 (PAYMENT_DEGRADATION) under guardrail policy.
aud_REC-0098_2,REC-0098,2026-08-26T05:13:46.851974,DECIDE_PLAYBOOK,RECOVER_AI_ENGINE,DECIDE_PLAYBOOK_PROCESSED,SUCCESS,Processed DECIDE_PLAYBOOK for case REC-0098 (PAYMENT_DEGRADATION) under guardrail policy.
aud_REC-0098_3,REC-0098,2026-08-26T16:37:46.851974,CHECK_GUARDRAILS,RECOVER_AI_ENGINE,CHECK_GUARDRAILS_PROCESSED,SUCCESS,Processed CHECK_GUARDRAILS for case REC-0098 (PAYMENT_DEGRADATION) under guardrail policy.
aud_REC-0098_4,REC-0098,2026-08-26T16:37:46.851974,EXECUTE_ACTION,RECOVER_AI_ENGINE,EXECUTE_ACTION_PROCESSED,SUCCESS,Processed EXECUTE_ACTION for case REC-0098 (PAYMENT_DEGRADATION) under guardrail policy.
aud_REC-0098_5,REC-0098,2026-08-26T16:37:46.851974,VERIFY,RAZORPAY_GATEWAY,VERIFY_PROCESSED,SUCCESS,Processed VERIFY for case REC-0098 (PAYMENT_DEGRADATION) under guardrail policy.
aud_REC-0098_6,REC-0098,2026-08-26T16:37:46.851974,STOP_OR_ESCALATE,RECOVER_AI_ENGINE,STOP_OR_ESCALATE_PROCESSED,SUCCESS,Processed STOP_OR_ESCALATE for case REC-0098 (PAYMENT_DEGRADATION) under guardrail policy.
aud_REC-0099_0,REC-0099,2026-08-26T02:13:46.851974,DETECT,RAZORPAY_GATEWAY,DETECT_PROCESSED,SUCCESS,Processed DETECT for case REC-0099 (CHECKOUT_ABANDONMENT) under guardrail policy.
aud_REC-0099_1,REC-0099,2026-08-26T02:13:46.851974,DIAGNOSE,RECOVER_AI_ENGINE,DIAGNOSE_PROCESSED,SUCCESS,Processed DIAGNOSE for case REC-0099 (CHECKOUT_ABANDONMENT) under guardrail policy.
aud_REC-0099_2,REC-0099,2026-08-26T02:13:46.851974,DECIDE_PLAYBOOK,RECOVER_AI_ENGINE,DECIDE_PLAYBOOK_PROCESSED,SUCCESS,Processed DECIDE_PLAYBOOK for case REC-0099 (CHECKOUT_ABANDONMENT) under guardrail policy.
aud_REC-0099_3,REC-0099,2026-08-26T17:20:46.851974,CHECK_GUARDRAILS,RECOVER_AI_ENGINE,CHECK_GUARDRAILS_PROCESSED,SUCCESS,Processed CHECK_GUARDRAILS for case REC-0099 (CHECKOUT_ABANDONMENT) under guardrail policy.
aud_REC-0099_4,REC-0099,2026-08-26T17:20:46.851974,EXECUTE_ACTION,RECOVER_AI_ENGINE,EXECUTE_ACTION_PROCESSED,SUCCESS,Processed EXECUTE_ACTION for case REC-0099 (CHECKOUT_ABANDONMENT) under guardrail policy.
aud_REC-0099_5,REC-0099,2026-08-26T17:20:46.851974,VERIFY,RAZORPAY_GATEWAY,VERIFY_PROCESSED,FAILED,Processed VERIFY for case REC-0099 (CHECKOUT_ABANDONMENT) under guardrail policy.
aud_REC-0099_6,REC-0099,2026-08-26T17:20:46.851974,STOP_OR_ESCALATE,RECOVER_AI_ENGINE,STOP_OR_ESCALATE_PROCESSED,FAILED,Processed STOP_OR_ESCALATE for case REC-0099 (CHECKOUT_ABANDONMENT) under guardrail policy.
aud_REC-0100_0,REC-0100,2026-08-25T02:13:46.851974,DETECT,RAZORPAY_GATEWAY,DETECT_PROCESSED,SUCCESS,Processed DETECT for case REC-0100 (FAILED_SUBSCRIPTION) under guardrail policy.
aud_REC-0100_1,REC-0100,2026-08-25T02:13:46.851974,DIAGNOSE,RECOVER_AI_ENGINE,DIAGNOSE_PROCESSED,SUCCESS,Processed DIAGNOSE for case REC-0100 (FAILED_SUBSCRIPTION) under guardrail policy.
aud_REC-0100_2,REC-0100,2026-08-25T02:13:46.851974,DECIDE_PLAYBOOK,RECOVER_AI_ENGINE,DECIDE_PLAYBOOK_PROCESSED,SUCCESS,Processed DECIDE_PLAYBOOK for case REC-0100 (FAILED_SUBSCRIPTION) under guardrail policy.
aud_REC-0100_3,REC-0100,2026-08-26T17:27:46.851974,CHECK_GUARDRAILS,RECOVER_AI_ENGINE,CHECK_GUARDRAILS_PROCESSED,SUCCESS,Processed CHECK_GUARDRAILS for case REC-0100 (FAILED_SUBSCRIPTION) under guardrail policy.
aud_REC-0100_4,REC-0100,2026-08-26T17:27:46.851974,EXECUTE_ACTION,RECOVER_AI_ENGINE,EXECUTE_ACTION_PROCESSED,SUCCESS,Processed EXECUTE_ACTION for case REC-0100 (FAILED_SUBSCRIPTION) under guardrail policy.
aud_REC-0100_5,REC-0100,2026-08-26T17:27:46.851974,VERIFY,RAZORPAY_GATEWAY,VERIFY_PROCESSED,FAILED,Processed VERIFY for case REC-0100 (FAILED_SUBSCRIPTION) under guardrail policy.
aud_REC-0100_6,REC-0100,2026-08-26T17:27:46.851974,STOP_OR_ESCALATE,RECOVER_AI_ENGINE,STOP_OR_ESCALATE_PROCESSED,FAILED,Processed STOP_OR_ESCALATE for case REC-0100 (FAILED_SUBSCRIPTION) under guardrail policy.
